gefäßnummer|x_scherben|n_anspassungen|h_insg|h_unterteil|h_oberteil|h_hals|durchm_r|erh_r|randabschluss_gr|randabschluss_f|randneigung|durchm_s|erh_s|durchm_b|erh_b|boden|bodenwinkel|durchm_bod|erh_bod|gef_typ|gef_typ_gr|gef_untertyp|bem|vgl|rand_halsband|randform_nonek|schulterform_nonek|bauchform_nonek
1|3|2||||42|210|5|gerade|gerade abgestrichen|90||4||0||||0|unklar|||grobes Gefäß|||du||
2|13|6||70|35|||0|||||0|180|10||||0|Becher D5 / D10 nach Kaufmann?|Becher|D5 / D10?||Zápotocká 1970, Taf. 7, 11 & 13 ||||
3|9|4|110||75|40|160|22|gerade|horizontal abgeschlossen, gerundet|90|160|35|240|6||||0|Becher D5 / D10 nach Kaufmann?|Becher|D5 / D10?|grobes Gefäß|||du|xo|
3b|1|0||||40||5|gerade|horizontal abgeschlossen, gerundet|70||1||0||||0|Becher D5 / D10 nach Kaufmann?|Becher|D5 / D10?|grobes Gefäß|||di||
4|24|3||||23|90|12|gerade|horizontal abgeschlossen, gerundet|80||1|240|10||||0||Becher||keine große zusammenhängede Fläche, aber machart so ähnlich – zusammengefügt|||du|do|di
4b|2|0||||||0|||||1||0||||0||||kleine senkrechte Knubben|||||
5|2|2||||40|80|12|gerade|gerade abgestrichen|90||0||0||||0|Becher?|Becher||nur Hals|||||
6|2|0|||||160|8|gerade|horizontal abgeschlossen, gerundet|60||0|160|5||||0|Schale C1 Kaufmann?|Schale|C1 ||||||
7|10|4||||31|140|20|gerade|gerade abgestrichen|90||0||0||||0||||grobes Gefäß|||||
10|4|3||||30|100|15|gerade|gerade abgestrichen|90||0||0||||0|||||||||
11|9|9|120|||50|140|30|gerade|gerade abgestrichen|60||1||0|Standfuß|110|90|30|Fußschale|Fußschale|||||xi||xi
12|3|2||||74|210|7|gerade|horizontal abgeschlossen, gerundet|90||0||0||||0|Schale|Schale||sehr dick|||||
13|4|2||27|22|15||0|||90|40|10|70|20|Rundboden|||0|Becher|Becher||extrem abgerollt, Typ D2 nach Kaufmann? Rundboden  ist eine Vermutung|||du|xo|xi
14|7|0||||||0|||||0||0||||0|unklar|||feineres Gefäß|||||
15|1|0||||||0|||||0||0||||0|unklar|||feineres Gefäß|||||
16|5|0||||||0|||||0||0||||0|unklar|||grobes Gefäß|||||
17|1|0||||||0|||||0||0||||0|unklar|||grobes Gefäß|||||
18|1|0||||||0|||||0||0||||0|unklar|||grobes Gefäß|||||
19|8|2||32|20|13||0|||||1||0||||0|Becher?|Becher||unverz. Bauch, verz. Schulter, kleines, feines Gefäß|||||
20|1|0||||||0|||||0||0||||0|unklar|||feines Gefäß|||||
21|3|0||30||||0|||||1||0||||0|Becher?|||vmtl auf dem Bauch die geraden Linien und auf der schulter ein Winkelmuster oä, feines Gefäß, scharfer Bauchumbruch|||||
22|1|0||||||0|||||0||0||||0|unklar|||nur Bauchumbruch|||||
23|6|0||||||0|||||0||0||||0|unklar|||sehr fein, vmtl eher klein|||||
24|6|2||||32|220|6|gerade|gerade abgestrichen|70|210|7||0||||0|Topf?|Topf||grobes Gefäß|||du|do|
25|4|2||||||0|||||0||0|Flachboden|30||1|unklar|||nur kleiner Boden – und Bauchknick (beide eher scharf)|||||
26|1|0||||38|120|18|gerade|horizontal abgeschlossen, gerundet|60||0||0||||0|unklar|||was mit Hals|||di||
27|1|0||||||0|||||0||0||||0|unklar|||grobes Gefäß|||||
28|1|0||||||0|||||0||0||||0|unklar|||feineres Gefäß|||||
29|1|0||||18||3|gerade|horizontal abgeschlossen, gerundet|80||0||0||||0|unklar|||feineres Gefäß|||||
30|1|0||||||0|||||0||0||||0|unklar|||feineres Gefäß||||do|
31|1|0||||42||3|gerade|diagonal von innen nach außen|60||0||0||||0|Schale?|Schale||Randwinkel sehr unsicher|||di||
32|5|0||||||0|||||0||0||||0|unklar|||etwas gröberes|||||
33|8|4||||||0|||||0||0||||0|unklar|||grobes Gefäß|||||
34|3|0||||||0|||||0||0||||0|unklar|||grobes Gefäß|||||
34b|2|0||||||0|||||0||0||||0|unklar|||grobes Gefäß|||||
35|5|4||||||0|||||0||0||||0|unklar|||grobes Gefäß|||||
36|5|0||||||0|||||0||0||||0|unklar|||grobes Gefäß|||||
37|2|0||||||0|||||0||0||||0|unklar|||mittelgrob?|||||
38|3|3||||35||1|gerade|diagonal von außen nach innen|110||0||0||||0|Schale?|Schale|C1 Schale nach Kaufmann?|grobes Gefäß, Randdurchmesser nicht messbar|||||
39|1|0|||||120|5|gerade|horizontal abgeschlossen, gerundet|110||0||0||||0|unklar|||zwei unterschiedliche Querschnitte, je nachdem von welcher Seite man guckt; einziehender Rand?|||||
40|11|0||||15||1|||||0||0||||0|unklar|||relativ großes Gefäß, hat Hals-Schulter|||||
42|2|0||||25||1|gerade|diagonal von außen nach innen|||0||0||||0|Schüssel, Schale|Schale|||||||
45|2|0||||||0|||||0||0||||0|unklar|||grobes Gefäß|||||
50|3|2||||20||1|gerade|gerade abgestrichen|90||0||0||||0|unklar|||nur Hals mit Schulter|||||
51|1|0||||||0|||||0||0||||0|unklar|||eher gröber|||||
52|4|2||||25|200|5|gerade|gerade abgestrichen|90||1||0||||0|unklar|||was mit Hals,gröber|||vo||
53|4|0||||||0|||||0||0||||0|unklar|||grobes Gefäß|||||
54|12|0||||||0|||||0||0||||0|unklar|||feineres Gefäß|||||
55|1|0|39|||39|250|1|gerade|diagonal von außen nach innen|100||1||0|Flachboden|60||1|Wanne / Schale|Wanne?||gerundete Wandung, zieht ein, Randdurchmesser über 240|||xo||di
56|5|0||||||0|||||0||0||||0|unklar|||grobes Gefäß|||||
57|3|0||||||0|||||0||0||||0|unklar|||grobes Gefäß|||||
58|2|0||||||0|||||0||0||||0|unklar|||feineres Gefäß|||||
59|2|0||||||0|||||0||0||||0|unklar|||Hals, Schulter, scharfer Knick|||||
60|1|0|43||8|25|100|5|gerade|gerade abgestrichen|80|90|5||0||||0|Becher|Becher|EIII 2d nach Czerniak?|kleiner Becher mit Handhabe am Hals|Zápotocká 1970, Taf. 7, 10 ||di||
61|1|0||||21||1|gerade|gerade abgestrichen|90||0||0||||0|unklar|||Schulter fängt an auszubauchen, kleiner Hals|||du||
62|1|0||||24||1|gerade|diagonal von außen nach innen|||0||0||||0|Schale?|Schale||kleines Gefäß, aber absolute Größe unklar, Schale unsicher|||||
64|2|0||||||0|||||0||0||||0|unklar|||grobes Gefäß|||||
65|3|0||||||0|||||0||0||||0|unklar|||iwie Hals mit Schulter|||||
67|1|0||||25|60|13|gerade|gerade abgestrichen|90||1||0||||0|Becher?|||gerade Rand mit Ansatz der Schulter, mit Hals|||du||
68|3|0|55|20|15|12||1|gerade|gerade abgestrichen|90||1||0||||0|D5 nach Kaufmann?|Becher|D5 Kaufmann|kleines Gefäß, aber absolute Größe unklar|||du|xo|xi
69|2|0||||25|130|8|||||0||0||||0|unklar|||Hals und Schulter-Bauch; was feineres, Rand nicht erhalten|||||
71|1|0||||||0|||||0||0||||0|unklar|||grobes Gefäß|||||
72|4|3||||52|70|30|ausbiegender Rand|diagonal von innen nach außen|100||1||0||||0|Flasche|Flasche||geschwungener Hals|||vi|vo|
73|3|2||||||0|||||0||0||||0|unklar|||mittelgrob?|||||
74|2|0||||||0|||||0||0||||0|unklar|||mittelgrob?|||||
76|4|2||||||0|||||0||0||||0|unklar|||grobes Gefäß|||||
77|2|0||||||0|||||0||0||||0|unklar|||grobes Gefäß|||||
78|3|0||||||0|||||0||0||||0|unklar|||grobes Gefäß|||||
79|1|0||||||0|||||0||0||||0|unklar|||feineres Gefäß|||||
81|1|0||||||0|||||0||0||||0|unklar|||grobes Gefäß|||||
82|1|0||||||0||||0|0||0||||0|unklar|||grobes Gefäß|||||
83|14|10||||||0|||||0||0|Flachboden|45|100|14|unklar||||||||
84|4|0||||||0|||||0||0||||0|unklar|||grobes Gefäß|||||
85|3|0||||||0|||||0||0||||0|unklar|||mittelgrob?|||||
86|3|0||||||0|||||0||0||||0|unklar|||feineres Gefäß|||||
87|1|0|||||80|18|gerade|diagonal von außen nach innen|||0||0|Flachboden|0|80|18|Backteller? Schüssel?|||sehr grob|||||
88|3|0||||35|180|5|gerade|gerade abgestrichen|100||0||0||||0|unklar||||||||
89|2|0||||||0|||||0||0||||0|unklar|||mittelgrob?, aber klein|||||
90|2|0||||20||1|gerade|horizontal abgeschlossen, gerundet|90||0||0||||0|unklar|||feineres Gefäß|||||
91|1|||||||0|||||0||0||||0|unklar|||mittelgrob?|||||
92|3|0||||18||1|gerade|gerade abgestrichen|80||0||0||||0|unklar|||mittelgrob?|||||
93|2|0||||||0|||||0||0||||0|unklar|||mittelgrob?|||||
94|3|0||||||0|||||0||0||||0|unklar|||gröberes Gefäß|||||
95|2|0||||||0|||||0||0||||0|unklar|||gröberes Gefäß|||||
97|1|0||||34|70|7|gerade|gerade abgestrichen|90||0||0||||0|unklar|||fein|||||
98|2|0||||||0|||||0||0||||0|unklar|||fein|||||
99|5|0||||||0|||||0||0||||0|unklar|||mittelgrob?|||||
100|7|0||||||0|||||0||0||||0|unklar|||grobes Gefäß|||||
101|3|0||||||0|||||0|60|12||||0|unklar|||feineres Gefäß|||||
102|1|0||||20||1|gerade|gerade abgestrichen|80||0||0||||0|unklar|||grobes Gefäß|||||
103|1|0||||13|50|6|gerade|diagonal von innen nach außen|90||0||0||||0|unklar|||fein und klein|||||
104|2|0||||||0|||||0||0||||0|unklar|||fein, aber größer|||||
105|2|0||||30||1|gerade|gerade abgestrichen|90||0||0||||0|unklar|||Feinware mit Hals und Bauch|||||
106|3|0||||||0|||||0||0||||0|unklar|||mittelgrob?|||||
109|4|0||||||0|||||0||0||||0|unklar|||mittelgrob?|||||
110|1|0||||||0|||||0||0||||0|unklar||||||||
111|10|0||||||0|||||0||1||||0|unklar|||feineres Gefäß|||||
112||||||||0|||||0||0||||0|unklar||||||||
113|2|0||||14||0|||||1|60|8||||0|kleine Flasche|Flasche||fein und klein|||||
114|5|2||||||0|||||0||0||||0|unklar|||grobes Gefäß|||||
115|2|0||||||0|||||0||0||||0|unklar|||feineres Gefäß|||||
116|7|2||||||0|||||0||0||||0|unklar|||feineres Gefäß|||||
117|5|0||||||0|||||0||0||||0|unklar|||feineres Gefäß|||||
118|3|0||||30||1|gerade|gerade abgestrichen|80||0||0||||0|Schale?|Schale||feineres Gefäß|||||
119|4|3||||27||1|gerade|horizontal abgeschlossen, gerundet|90||0||0||||0|unklar|||feineres Gefäß|||||
120|3|3||||||0||||120|10|160|10||||0|Becher?|Becher||verzierte Schulter gebogen||||xo|
121|3|0||||26||1|gerade|gerade abgestrichen|90||0||0||||0|unklar|||grobes Gefäß|||||
122|4|3||||||0|||||0||0||||0|unklar|||grobes Gefäß|||||
123|1|0||||||0|||||0||0||||0|unklar|||feineres Gefäß|||||
124|3|0||||||0|||||0||0||||0|unklar|||grobes Gefäß|||||
125|3|0||||26||1|gerade|gerade abgestrichen|90||0||0||||0|unklar|||eher gröber|||||
126|2|0||||27||1|gerade|gerade abgestrichen|90||0||0||||0|unklar|||grobes Gefäß|||||
127|11|3||||||0|||||0||0|Flachboden||120|15|unklar|||grobes Gefäß, ähnlich zu 83|||||
128|3|0||||||0|||||0||0||||0|unklar|||grobes Gefäß, ähnlich 33b aber aus anderem Befund|||||
129|1|0||||||0|||||0||0|Flachboden|60|80|6|unklar|||sehr fein|||||
130|4|0|34|||34|250|5|gerade|gerade abgestrichen|60||1||0|Flachboden|60||1|Wanne / ovale Schale|Wanne?||Höhe exakt, Ovalheit zu vermuten, Randdurchmesser über 240|||di|di|di
131|8|6||||||0|||||0||0|Flachboden|30|90|20|unklar|||unverzierter Bauch?|||||
132|1|0||||30|250|1|gerade|gerade abgestrichen|50||0||0||||0|Wanne / Schale|Wanne?||ursprünglich bei 12 mitgedacht, aber Randdurchmesser deutlich größer: Randdurchmesser über 240|||||
133|3|2||||24||1|gerade|horizontal abgeschlossen, gerundet|90||1||0||||0|Becher?|||Typ ist zu vermuten|||du||
134|1|0||||30|60|10|gerade|diagonal von innen nach außen|90||0||0||||0|Becher?|||Typ ist zu vermuten|||du||
135|1|0||||25||1|gerade|diagonal von innen nach außen|90||0||0||||0|Becher?|||Typ ist zu vermuten|||du||
136|1|0||||||0|||||0||0||||0|unklar|||sehr dünnwandig|||||
137|1|0||||||0|||||0||0||||0|unklar|||nur Hals mit Schulter|||||
138|1|0||||||0|||||0||0||||0|unklar||||||||
139|1|0||||||1|gerade|gerade abgestrichen|90||0||0||||0|unklar|||grobes Gefäß|||||
140|6|2||||||0|||||0||0||||0|unklar|||grobes Gefäß|||||
141|1|0||||||0|||||0||0|Flachboden|30|55|5|unklar|||etwas feiner|||||
142|1|0||||||0|||||0||0||||0|unklar|||etwas gröber|||||
101a|2|0||||20|60|6|gerade|gerade abgestrichen|90||0||0||||0|unklar|||fein und klein|||||
113a|1|0||||||0|||||0||0||||0|unklar|||Handhabe|||||
113b|1|0||||||0|||||0||0||||0|unklar|||fein|||||
116a|1|0||||||0|||||0||0||||0|unklar|||fein|||||
118a|1|0||||||0|||||0||0||||0|unklar|||mittelgrob?|||||
127b|3|3||||||0|||||0||0||||0|unklar|||grobes Gefäß|||||
33b|1|0||||||0|||||0||0||||0|unklar|||grobes Gefäß|||||
8a|2|2||||||0|||||0||0||||0|unklar|||eher was feineres|||||
8b|2|2||||||0|||||0||0||||0|unklar|||eher was feineres|||||
125a|1|0||||||0|||||0||0||||0|unklar||||||||
200|1|0||||||0|||||0||0||||0|unklar|||Feinware|||||
201|3|0||||||0|||||0||0||||0|unklar|||Feinware|||||
202|1|0|||25|15||1|ausbiegender Rand|gerade abgestrichen|60||1||0||||0|unklar|||Feinware|||vi|vo|
203|1|0|||25|20|240|5|ausbiegender Rand|gerade abgestrichen|60|190|6||0||||0|unklar|||Fein-mittel?|||vi|vo|
204||||||33||1|gerade|diagonal von innen nach außen|90||0||0||||0|unklar|||mittel|||||
205|1|0||||20|250|1|gerade|diagonal von außen nach innen|80||0||0||||0|unklar|Schale||'Feinware, Randdurchmesser über 240|||||
206|1|0||||9||1|ausbiegender Rand|gerade abgestrichen|80||0||0||||0|unklar|||Fein-mittel?|||||
207|1|0||||10||1|ausbiegender Rand|horizontal abgeschlossen, gerundet|80||0||0||||0|unklar|||Fein-mittel?|||||
208|1|0||||5||1|ausbiegender Rand|horizontal abgeschlossen, gerundet|80||0||0||||0|unklar|||Schmaler Rand, Schulter sehr schnell sehr dick |||||
209|1|0||||10||1|ausbiegender Rand|horizontal abgeschlossen, gerundet|60||0||0||||0|unklar|||mittelgrob|||||
210|1|0||||35||1|gerade|diagonal von innen nach außen|90||0||0||||0|unklar|||Fein-mittel?|||||
211|1|0||||27||1|gerade|horizontal abgeschlossen, gerundet|80||0||0||||0|unklar|||Kumpfassoziationen, fein|||||
212|1|0|||30|12||1|ausbiegender Rand|horizontal abgeschlossen, gerundet|80||1||0||||0|unklar|||Fein-mittel?|||vi||
213|1|0||||70|250|1|gerade|horizontal abgeschlossen, gerundet|80||0||0||||0|große Schale?|Schale||Fein-mittel? Randdurchmesser über 240|||||
214|1|0|||35|24|250|10|ausbiegender Rand|horizontal abgeschlossen, gerundet|80|220|7||0||||0|unklar|Schale||mittelgrob, Randdurchmesser über 240|||vi||
215|2|0||15|30|20||0|||80|100|6|150|10||||0|s-förmiges Profil / Trichterbecher|Becher||fein|||di|xo|xi
216|3|3||10|25|16||0|||||1|200|7||||0|unklar|||mittelgrob||||vo|
217|1|0||||||0|||||0||0||||0|unklar||||||||
218|1|0||||||0|||||0||0||||0|unklar||||||||
219|1|0||||||0|||||0||0||||0|unklar||||||||
220||||||||0|||||1||0||||0|unklar||||||||
222|1|0|||20|12||1|ausbiegender Rand|gerade abgestrichen|60||1||0||||0|unklar|||Fein-mittel|||vi||
223|1|0||||21||1|gerade|gerade abgestrichen|90||0||0||||0|unklar|||eher grob, gerader Hals|||||
224|1|0|||10|7|130|5|ausbiegender Rand|diagonal von innen nach außen|60|80|7||0||||0|unklar|||Fein-mittel, ausziehende Lippe |||vi||
225|1|0||||21||1|gerade|gerade abgestrichen|80||0||0||||0|unklar|||Feinware|||||
226|1|0||||20||1|gerade|diagonal von innen nach außen|100||0||0||||0|unklar|||Feinware|||||
227|1|0||||17||1|ausbiegender Rand|horizontal abgeschlossen, gerundet|70||0||0||||0|unklar|||Fein-mittel, ausbiegender Hals|||vi||
228|1|0||||13||1|gerade|diagonal von innen nach außen|70||0||0||||0|unklar|||Feinware, kleiner ausbiegender Hals|||||
229|1|0||||15||1|ausbiegender Rand|gerade abgestrichen|60|90|7||0||||0|unklar|||Feinware, S-förmiges Profil?|||vi||
230|1|0||||20||1|ausbiegender Rand|gerade abgestrichen|70||0||0||||0|unklar|||Fein-mittel, was mit Hals|||vi||
231|1|0||||20||1|gerade|horizontal abgeschlossen, gerundet|90||0||0||||0|unklar|||Fein-mittel|||||
232|1|0||||17||1|ausbiegender Rand|diagonal von innen nach außen|70||0||0||||0|unklar|||Feinware|||vi/vo||
233|1|0||||22||1|ausbiegender Rand|gerade abgestrichen|80||0||0||||0|unklar|||Fein-mittel|||vi/vo||
234|1|0|||30|12||1|||||1||0||||0|unklar|||kurzer gerader Hals, dann Schulter|||vo||
235|1|0||||||0|||||0||0||||0|Tiergefäß?||||||||
236|1|0||||||0|||||0||0||||0|unklar||||||||
237|1|0||||||0|||||0||0||||0|unklar||||||||
238|1|0||||||0|||||0||0||||0|unklar|||Feinware|||||
239|1|0|||||100|1|gerade|horizontal abgeschlossen, gerundet|100|140|6||0||||0|Topf?|||leicht einziehender Rand|||do||
240|1|0||||20||0|||||1||0||||0|unklar|||Feinware|||vi/vo||
241|1|0||||||1|gerade|horizontal abgeschlossen, gerundet|135||0||0||||0|Schale|Schale|||||||
242|1|0|||20|15|140|7|ausbiegender Rand|horizontal abgeschlossen, gerundet|150|140|10||0||||0|Topf?||||||vi|xo|
243|1|0||||||0|||||0||0||||0|größeres Gefäß mit Knubbe||||||||
244|1|0||||||0|||||0||0||||0|Becher/Flasche|||feineres Gefäß mit Hals-Knubbe||||vo|
245|1|0||||35|250|5|mit flachem außen ansitzendem Rand|rund, nach außen verdickt|100|260|1||0||||0|Topf?|||Mittel-grob|||do||
246|1|0|||30|||0||||220|7||0||||0|unklar|||Mittel-grob|||||
247|1|0||||35|130|6|gerade|diagonal von außen nach innen|75||1||0||||0|unklar|||grob, scheint Schulteransatz zu haben? Randlappen|||di||
248|1|0||||20|200|5|gerade|horizontal abgeschlossen, gerundet|85||0||0||||0|unklar|||feiner, mit fast geradem Hals|||du/di||
249|1|0||||15||1|gerade|horizontal abgeschlossen, gerundet|100||0||0||||0|unklar|||feiner, mit fast geradem Hals|||do||
250|1|0||||30||0|||||0||0||||0|unklar|||||||vo/vi?|
251|1|0||||25||1|gerade|gerade abgestrichen|95||0||0||||0|unklar|||Mittel-grob|||du/do||
252|1|0||||33||1|gerade|gerade abgestrichen|95||0||0||||0|unklar|||Mittel-grob|||du/do||
253|1|0||||30||1|gerade|gerade abgestrichen|95||1||0||||0|unklar|||Mittel-fein|||vo||
254|1|0||||||0|||||0||0||||0|unklar||||||||
255|2|0||||||0|||||0||0||||0|unklar|||Feinware|||||
256|1|0||||||0|||||0||0||||0|unklar|||Feinware|||||
257|1|0||||40||1|||||0||0||||0|unklar|||Feinware|||||
258|1|0||15|20|5||0||||110|9|130|10||||0|Kumpf?|Kumpf|A1 nach Kaufmann|Feinware, Hals leider zerstört, aber Ansatz erhalten||||xo|
259|1|0||||33||1|gerade|diagonal von innen nach außen|90||1||0||||0|unklar|||Fein-mittel; „knickartiger“ Abstrichder diagonalen zum Rand hin|||vo|vi|
260|1|0||||||0|||||0||1||||0|unklar|||grob|||||
261|1|0||||||0|||||0||1||||0|unklar|||grob|||||
262|1|||||||0|||||0||1||||0|unklar|||grob|||||
263|1|||||30||0|||||1||0||||0|unklar|||feiner, mit geradem Hals|||||
264|2|2||||||0|||||0|180|5||||0|unklar|||Mittel-groob|||||
265|1|0||||20||1|gerade|horizontal abgeschlossen, gerundet|80||0||0||||0|unklar|||klein, aber grob?|||||
266|1|0||||||0|||||0||0||||0|konisch?|||Feinware|||||
267|1|||||||0|||||0||1||||0|rundlich?|||Feinware|||||
268|1|||||||0|||||0||1||||0|unklar|||Feinware, Knickwand , „doppelkonisch“|||||
269|1|0||||||0|||||0||0||||0|unklar|||großes Gefäß mit Henkel, vmtl mit Hals|||||
270|1|0||10||45|260|1|gerade|horizontal abgeschlossen, gerundet|60||1||0||||0|Schale|Schale||groß, außen gerundete Übergänge, Randdurchmesser über 250|erinnert an die „ovalen“? Schalen aus Seelow||xi||
272|1|0||||||0|||||0||0||||0|unklar, groß||||||||
273|1|0||||39|220|5|gerade|diagonal von innen nach außen|80||0||0||||0|unklar|||leicht ausbiegender Rand|||||
274|1|0||||34||1|gerade|diagonal von innen nach außen|80||0||0||||0|unklar|||Hals?|||||
275|1|0||||32||1|gerade|diagonal von innen nach außen|80||0||0||||0|unklar|||leicht ausbiegender Rand|||||
280|1|0|||30|6|180|9|ausbiegender Rand|horizontal abgeschlossen, gerundet|60|130|12||0||||0|Rel gerade Schulter, ausziehender kurzer TR, eher die Lippe, die nur auszieht||||||vi||
281|1|0|||20|25|260|1|ausbiegender Rand|horizontal abgeschlossen, gerundet|60|250|1||0||||0|unklar|||fast gerade Wandung! Randdurchmesser über 250, Schulterdurchmesser ebenso, großes grobes Gefäß|||di|do|
282|1|9|||25|10|250|6|ausbiegender Rand|horizontal abgeschlossen, gerundet|60|200|8||0||||0|Topf?|||großes, aber etwas feineres Gefäß|||vi|vo|
284|1|0||||||0|||||0||0||||0|kleineres Gefäß||||||||
285|1|0||||||1|gerade|diagonal von innen nach außen|80||0||0||||0|kleineres Gefäß||||||||
286|1|0||||||1|ausbiegender Rand|diagonal von außen nach innen|60||0||0||||0|unklar|||feineres Gefäß|||vi||
287|2|0||20|76|32||1|gerade|gerade abgestrichen|80||0|250|6||||0|Flasche?|Flasche?||Mittel-fein|||vi|vo|
288|1|0|||27|8||1|gerade|gerade abgestrichen|80||1||0||||0|unklar|||feineres Gefäß mit Randknubbe|||di||
289|1|0||||||0|||||0|250|5||||0|unklar|||größeres mittelfeines Gefäß mit Henkel|||||
290|1|0|||45|13|140|6|ausbiegender Rand|gerade abgestrichen|70||1||0||||0|Flasche?|||mittelgrob, sehr kleiner ausstehender Rand|||vi|vo|
291|1|0||40|10|||0|||||0|220|6||||0|unklar|||Mittel-fein mit Knubbe am Gefäßbauch|||||xi
293|1|0|||37|9|100|12|ausbiegender Rand||60|80|13||0||||0|unklar|||Rand nicht erhalten genug für Winkelbestimmung|||vi||
294|1|0|||30|7||1|ausbiegender Rand|horizontal abgeschlossen, gerundet|70||1||0||||0|unklar|||Mittel-grob|||vo||
295|1|0||||||0|||||0||0||||0|unklar|||Mittel-grob|||||
296|1|0|||30|50||0||||>250|1||0||||0|unklar|||Mittel-grob, sehr groß|||du/di|do|
297|1|0||10|20|||0|||||0||1||||0|unklar|||Mittel-fein, erinnert mich an die Schale aus Hohenbrück 3|||||
298|1|0||||15||1|ausbiegender Rand|horizontal abgeschlossen, gerundet|70||0||0||||0|unklar|||Mittel-grob|||||
299|1|0||||||0|||||0||0||||0|unklar|||grob|||||
300|1|0|||45|10|170|7|gerade|rund, nach außen verdickt|100||0|250|6||||0|Topf?|||grob, Rand zieht ein|||do|xo|
301|1|0||||||0|||||0||0||||0|mit Henkel||||||||
310|2|2||||||0|||||0||0|Flachboden|30|140|20|unklar|||grob|||||
311|3|3||||||0|||||0||1||||0|unklar|||Großes Mittelfeines Gefäß|||||
312|1|0|||||220|10|ausbiegender Rand|horizontal abgeschlossen, gerundet|80|210|12||0||||0|Topf?|||grob|||vi|do|
313|1|0||||||1|ausbiegender Rand|gerade abgestrichen|70|170|15||0||||0|Topf?|||check Formen!|||vi||
314|1|0||||||1|ausbiegender Rand||70||1||0||||0|Topf?|||check Formen!|||vi|vo|
315|1|2||||||0|||||0||0|Flachboden|45|100|10|unklar||||||||
316|1|0||||||0|||||0||0||||0|vmtl doppelkonisch|||ausrichtung unklar|||||
317|1|0||||40||1|ausbiegender Rand|gerade abgestrichen|70||1||0||||0|Topf?||||||vo||
318|1|0|||20|10|190|7|ausbiegender Rand|horizontal abgeschlossen, gerundet|60|170|7||0||||0|Topf?||||||vi||
319|1|0||10|40|20||0||||160|5|180|10||||0|Topf/Becher|||kleineres gefäß, aber grob|||di|xo|
320|1|0||||||0|||||0||0|Flachboden|50|150|10||||groß, gut gemacht|||||
321|1|0||||||0|||||0||0|Flachboden|60|80|15|unklar|||kleineres gefäß, aber grob|||||
322|1|0||||||0|||||0||0|Flachboden|30||1|Schale?|Schale||feineres Gefäß, aber groß, Schale?|||||
323|1|0||||||0|||||0||0||||0|unklar|||grobes Gefäß|||||
324|1|0||30|30|||0|||||0|220|15||||0|unklar|||mittelfein, starker Umbruch, evtl Bauch eines Bechers oder einer Schale … |||||
325|1|0|||40|10||0|||||1||0||||0|unklar|||flaschig?, feineres Gefäß|||||
326|1|0||30|30|||0|||||0|160|10||||0|Tasse?|||check Formen!|||||
327|1|0||40||||0|||||0|140|10||||0|Schüssel|||?|||||
328|1|0|30||||210|6|gerade|gerade abgestrichen|70||1||0|Flach-gerundet|||1|Schüssel||||||xo||di
333|1|0||||||0|||||0||0||||0|unklar|||Mittel-fein|||||
334|1|0||||||1|ausbiegender Rand|horizontal abgeschlossen, gerundet|70||0||0||||0|unklar|||mittelgrob|||vi||
335|1|0||||||1|ausbiegender Rand||45|110|5||0||||0|unklar|||mittelgrob|||di|do|
336|1|0||||||0|||||0||0||||0|unklar|||mit Knubbe, Mittel-fein|||||
337|1|0||||||1|gerade|gerade abgestrichen|90||0||0||||0|unklar|||grob|||||
338|1|0||||||0|||||0||1||||0|Becher?|Becher||unverzierter Bauch|||||
339|1|0||||||0|||||0||0||||0|unklar||||||||
340|1|0||||||0|||||0||0||||0|unklar||||||||
341|1|0||||||1|ausbiegender Rand|horizontal abgeschlossen, gerundet|70||0||0||||0|unklar||||||||
342|1|0||||||0|||||0||0||||0|unklar||||||||
343|1|0||||||0|||||0||1||||0|unklar|||klein, fein|||||
344|1|0||||||0|||||0||0||||0|unklar|||aber reich verziert|||||
345|1|0||||||0|||||0||0||||0|unklar|||aber fein|||||
346|1|0||||||1|gerade|horizontal abgeschlossen, gerundet|80||0||0||||0|unklar|||fein|||||
347|1|0||||||1|ausbiegender Rand|gerade abgestrichen|70||0||0||||0|unklar||||||||
348|1|0||||||0|||||0||0||||0|unklar||||||||
349|1|0|||35|12||1|ausbiegender Rand|horizontal abgeschlossen, gerundet|70||1||0||||0|unklar|||Profil schwer zu erkennen, minimal ausziehender Rand|||vi|xo|
350|2|0||||||0|||||0||0||||0|unklar|||fein|||||
353|1|0||||||0|||||0||0||||0|unklar||||||||
354|1|0||||25||1|gerade|Spitz-gerundet|90||0||0||||0|unklar|||evtl zusammen mit 353|||||
355|1|0||||||1|ausbiegender Rand|gerade abgestrichen|60||0||0||||0|unklar|||evtl könnte es sich um einen Fuß einer Fußschale handeln. Aber. Puh. |||||
356|1|0||||||0|||||0||0||||0|unklar||||||||
357|1|0||||||1|ausbiegender Rand|horizontal abgeschlossen, gerundet|60||0||0||||0|unklar|||sehr fein dünnwandig|||||
358|1|0||||||1|gerade|horizontal abgeschlossen, gerundet|60||0||0||||0|Schale|Schale||check Formen!|||||
359|1|0||||25||0|||||1||0||||0|unklar||||||||
360|1|0|||50|10||1|gerade|horizontal abgeschlossen, gerundet|90|140|10||0||||0|Schale|Schale|Knickwand-Schale|Hals-Schulterübergang unklar; evtl auch niedriger Bauchknick-Becher?|||di||di
361|1|0||||||0|||||0||0||||0|unklar|||fein|||||
362|1|0||||||0|||||0||0||||0|unklar|||fein|||||
363|1|0||||25|280|7|gerade|gerade abgestrichen|90|280|5||0||||0|unklar|||mittelgrob, Durchmesser sind eher Schätzung|||vo||
364|1|0||||||0|||||0||0||||0|unklar|||was mit Hals|||||
365|1|0||||||0|||||0||0||||0|unklar||||||||
366|1|0||||||0|||||0||0||||0|unklar||||||||
367|1|0|||15|10||1|ausbiegender Rand|horizontal abgeschlossen, gerundet|70||1||0||||0|unklar|||kurzer Hals, dann ausbiegende Schulter|||di|do|
368|1|0||||||1|gerade|horizontal abgeschlossen, gerundet|90||0||0||||0|unklar||||||||
369|1|0||||||1|gerade|horizontal abgeschlossen, gerundet|90||0||0||||0|unklar||||||||
370|1|0||||||0|||||0||0||||0|unklar||||||||
371|1|0||||||1|gerade|gerade abgestrichen|90||0||0||||0|Schale|Schale||biegt vom Hals nach innen, keine Schulter|||||
372|1|0||||12||1|gerade|horizontal abgeschlossen, gerundet|90||0||0||||0|Schale|Schale||biegt vom Hals nach innen, keine Schulter|||||
373|1|0||||||1|gerade|gerade abgestrichen|90|140|9||0||||0|Becher?|Becher||Hals, ausbiegende Schulter|||vo||
374|1|0||||||1|einziehender Rand|gerade abgestrichen|100||0||0||||0|Becher?|Becher||gerader einziehender Hals|||||
375|1|0||||||1|einziehender Rand|diagonal von innen nach außen|100|180|6||0||||0|Schüssel?|||leicht gebogen einziehnder Hals|||xo||
380|1|0||||||0|||||0|170|6||||0|Becher?|Becher||deutlicher Bauchknick|||||
381|6|5|||60|||0|||||1|140|18||||0|Becher?|Becher||Sanft-S-förmig?|Friesack 1977:7/3157 T für die Verzierungsart (dort gesamtes Gefäß), Magerung und Brennart?: Friesack  1977:7/3256T||||
382|1|0||||||0|||||0||0||||0|unklar|||ausrichtung unklar|erinnert an Meichow 8 wegen Ritzung + Doppelstich, aber kein Rössener Doppelstich wie dort||||
383|1|0||||||0|||||0||1||||0|unklar|||feines Gefäß, deutlicher Umbruch|||||
384|1|0||||||0|||||0||1||||0|unklar|||Sehr feines Gefäß, deutlicher Umbruch; innere grobe Wandung erinnert an „Tiergefäß“-Scherbe aus Hohenbrück|||||
385|1|0||||||0|||||0||0||||0|unklar|||Sehr feines Gefäß|||||
386|1|0||||||0|||||0||0||||0|unklar||||||||
387|1|0||||||0|||||0||0||||0|Becher?|Becher||iwie mit Hals|||||
388|1|0||||||0|||||0||0||||0|unklar||||||||
389|1|0||||||0|||||180||6||||0|unklar||||||||
390|1|0|||||140|6|gerade|horizontal abgeschlossen, gerundet|90||0||0||||0|Becher?|Becher|||||||
391|1|0||||||0|||||0||0||||0|unklar||||||||
392|1|0||||||0|||||0||0||||0|unklar||||||||
393|1|0||||||0|||||0||0|Flachboden|30||1|Schale?|Schale||unklar ob Boden oder scharfer Bauchknick|||||
394|1|0||||||1|gerade|horizontal abgeschlossen, gerundet|90||0||0||||0|Becher?|Becher||iwie mit Hals|||||
395|1|0|||||180|7|gerade|horizontal abgeschlossen, gerundet|70||0||0||||0|Schale?|Schale||entweder langer Hals oder Fuß oder Schale…|||||
396|1|0||||||0|||||0|180|6||||0|unklar||||||||
397|1|0||||||0|||||0||0||||0|unklar|||aber hübsch|||||
398|1|0||||||1|ausbiegender Rand|diagonal von innen nach außen|70|100|15|120|15||||0|Schale|Schale|C1 (Kaufmann)|so auch Eberhard 2007|||xi||xi
399|1|0||||||0|||||0||0||||0|unklar||||||||
400|1|0||||||0|||||0||0||||0|unklar||||||||
401|1|0||||||0|||||0||0||||0|unklar||||||||
402|1|0||||||0|||||0||0||||0|unklar||||||||
403|1|0||||||0|||||0||0||||0|unklar||||||||
404|1|0||||||0|||||0||0||||0|unklar||||||||
405|1|0||||||0|||||0||0||||0|unklar||||||||
406|2|0||||||0|||||0||0||||0|unklar||||||||
407|1|0||||15|270|1|ausbiegender Rand|horizontal abgeschlossen, gerundet|80||1||0||||0|unklar|||FBG, Profilausrichtung unsicher, Randdurchmesser über 260|||vi||
408|1|0||||||0|||||0||0|Niedriger Standfuß|30|90|40|unklar|||FBG?|||||
409|1|0||||||0|||||0||0||||0|unklar|||FBG?|||||
410|14|14|||80|30|310|0||||260|20|300|20||||0|Topf?|Topf/Schale||S-förmiges Profil, FBG, alle Durchmesser von Wetzels Zeichnung abgenommen (Rand geschätzt). Shevchenko et al 2018, S2: 3157.1 (Inv. No 1977:7 3157.1): 2x body shard from shoulder of a S-shaped vessel with ca 30cm diameter, all-around impressions of vertically oriented fingertips arranged in horizontal lanes, middle coarse fired clay, tempered with grit, friable, inner black, outside brown. 14C dating: 4336-4241calBC (ARR 15048). Early Neolith? Brzesc Kujawski?|||di|xo|
411|1|0||||||0|||||0||0||||0|unklar|||FBG?|||||
412|1|0||||||0|||||0||0||||0|unklar|||FBG?|||||
413|1|0||||||0|||||0||0||||0|unklar|||'FBG, Shevchenko et al 2018, S2: 3256.1 (Inv. No 1977:7)|||||
414|5|5||||||0||||260|8||1||||0|schwach S-förmiges Profil, Schale?|Schale?||FBG?|||||
415|1|0||||||0|||||0||0||||0|unklar|||'Shevchencko et al 2018, S2: 3251.1 (Inv. No 1977:7 3251.1)|||||
416|1|0||||30||1|gerade|horizontal abgeschlossen, gerundet|80||0||0||||0|Schale|Schale||keine Dat.|||||
417|1|0||||||0|||||0||0||||0|unklar|||BKK??|||||
418|9|9|105||||200|15|gerade|horizontal abgeschlossen, gerundet|65||1||1|Flachboden|65|100|18|Schale|Schale|geradwandig|FBG, alle Durchmesser von Wetzels Zeichnung abgenommen|||di||di
419|2|0||||30||1|gerade|horizontal abgeschlossen, gerundet|65||0||0||||0|Schale|Schale||Shevchenko et al 2018, S2: 2949.1 and 2 (Inv. No 1977:7 2949.1 and 1977:7 2949.2): 1x rim and 1x body shards of jar or bowl with ca 30cm diameter, rounded lip, well smoothed surface, brown to dark-brown, medium coarse fired clay tempered with grit, 0.7cm thick. 14C dating rim shard: 4546–4366 calBC (external crust) (Poz-84049), 4857–4709 calBC (internal crust) (Poz-84050).|||||
420|4|0||||15||1|gerade|gerade abgestrichen|80||1||0||||0|unklar|||Shevchenko et al 2018, S2: 2846.4 (Inv. No 1977:7 2846.4): 1x rim and 3x body shards of a bowl, rounded lip, ochre- brown, outside roughened probably with stalks, inside smooth, medium coarse fired clay tempered with grit, 0.5cm thick|||vi||
421|1|0||||||0|||||0||0||||0|unklar|||FBG? Shevchenko et al 2018, S2: 3038.3 (Inv. No 1977:7: 3038.3): 1x body shard, probably from a conical lower part of a vessel with ca 10cm diameter, outside grey-brown, inside and edge light brown/ ochre, smooth, coarse fired clay tempered with coarse grit, 0.65–0.7cm thick, fine triangular point impressions on the outer surface|||||
422|1|0||||50|165|6|gerade|horizontal abgeschlossen, gerundet|60||1||0||||0|Schale|Schale||FBG?|||xi||
424|2|2|||||260|12|gerade|gerade abgestrichen|60||1||0||||0|Schale|Schale|sehr flach|Shevchencko et al 2018, S2: 3085.1 (Inv. No 1977:7 3085.1): rim shard of a flat bowl with 26cm diameter, square-edged slightly rounded uneven lip, grey-brown with dark spots, medium coarse fired clay temperate with grit, 0.6–0.7cm thick. 14C dating: 3778- 3648calBC (Poz-84051)|||xi||xi
431|4|4|110|40|45|25|70|15|gerade|horizontal abgeschlossen, gerundet|80|60|15|85|90|Flachboden|45|40|100|Becher|Becher||SBK, Marschalleck 1944, Taf. 9D, angebl. Bschanzer Typ|||di|xo|xi
432|3|3|150|80||70|220|12|gerade|horizontal abgeschlossen, gerundet|45?||1|85|100|Standfuß|100|100|75|Fußschale|Schale||SBK, Marschalleck 1944, Taf. 9C|||di|di|di
433|3|3|115|65|30|20|105|100|gerade|rund, nach außen verdickt|90|110|100|130|100|Niedriger Standfuß|90|85|100|Topf?|||SBK, Geisler 1962|||du|do|xi
434|1|0||||50||1|gerade|diagonal von innen nach außen|90||0||0||||0|unklar|||SBK, Lesefund Bochow 16, Flasche o Schale?|||||
435|1|0||||30||1|gerade|Spitz-gerundet|90||0||0||||0|Topf?||||Seelow Gef. 2??||||
436|1|0||||||0|||||0||0||||0|unklar||||||||
437|1|0||||||0|||||0||0||||0|unklar||||||||
438|1|0||||||0|||||0||0||||0|unklar||||||||
439|1|0||||||0|||||1||0||||0|unklar||||||||
440|1|0||||||0|||||0||0||||0|unklar||||||||
441|2|2||||25||1|gerade|horizontal abgeschlossen, gerundet|90||0||0||||0|unklar|||zu kleine Scherbe|||||
442|1|0||||||0|||||0||0||||0|unklar||||||||
443|1|0||||||0|||||1||0||||0|Flasche?|||Verzierung vmtl auf Schulter, nicht Hals|||||
445|1|0||||||1|ausbiegender Rand|gerade abgestrichen|60||1||0||||0|Schale?|Schale||unsicher, aber eher großer Mündungsdurchmesser|||vi|vo|
447|1|0||||||0||||230|5||0||||0|Becher?|Becher|||||||
448|1|0||||||0|||||0||0||||0|unklar||||||||
449|4|4||||20|130|12|gerade|horizontal abgeschlossen, gerundet|60|120|12||0||||0|Schale?|Schale|Knickwand-Schale?|Feingefäß, sehr sorgfältig, hart gebrannt|||vi|do|
450|1|0||22|18|10||0|||||1|100|12||||0|Becher|Becher||klein|||||
451|1|0||||55|200|6|gerade|gerade abgestrichen|80||1||0||||0|Topf?|||Vorratsgefäß?|||di||
452|1|0||||||0|||||1||0||||0|unklar||||||||
453|1|0||||||0|||||0||0||||0|unklar|||zu kleine Scherbe|||||
454|1|0||||||0|||||0||1||||0|unklar|||zu kleine Scherbe|||||
455|1|0|||30|15||1|ausbiegender Rand|horizontal abgeschlossen, gerundet|70|50|10||0||||0|unklar|||geschwungener Hals|||vi|vo|
456|1|0||||17||1|gerade|horizontal abgeschlossen, gerundet|80|50|10||0||||0|unklar|||sehr ähnlich von den Maßen zu 455, aber der Schulteransatz deutlich schärfer|||vi|vo|
457|1|0||||||0|||||0||0||||0|unklar||||||||
458|1|0||||||0|||||0||0||||0|unklar||||||||
459|3|3|110||60|50|320|1|ausbiegender Rand|horizontal abgeschlossen, gerundet|70|320|5||0||||0|Topf?|||großes Vorratsgefäß, Randdurchmesser über 32 cm, S-förmiges Profil |||vi|vo|
460|1|0|80|||80||1|gerade|diagonal von innen nach außen|90||1||0||||0|geradwandiger Becher/Schale|Becher|steilwandiger Becher|?|||di||
461|1|0||||25|240|5|gerade|gerade abgestrichen|90||1||0||||0|Becher/Topf?|||iwie mit Hals|||di||
462|1|0||||||1|gerade|Spitz-gerundet|||1||0||||0|unklar||||||di||
463|1|0||||20||1|gerade|gerade abgestrichen|90||1||0||||0|Topf?|||sehr groß|||di||
464|1|0||||||0|||||0||0||||0|unklar||||||||
465|1|0||||||0|||||1||1||||0|Becher?|Becher||S-geschwungen und mit Knubbe am Bauch: eher typisch für Becher||||vo|xi
466|1|0||||||0|||||0||0||||0|unklar||||||||
467|1|0||||||0|||||0|100|6||||0|unklar||||||||
468|1|0||||||0|||||0||0||||0|unklar||||||||
470|2|2||||||0|||||0||0|Flachboden|30|120|18|unklar|||verzierter Bauch|||||
471|1|0||||15||1|ausbiegender Rand|gerade abgestrichen|70|140|5||0||||0|Flasche?|Flasche?||unverzierte Schulter|||vi|vo|
472|1|0||||||0|||||0||1||||0|unklar|||verzierte Schulter oder Bauch?|||||
473|1|0||20|10|7||0||||30|25|40|30||||0|Miniaturgefäß Knickwand?|||winziges Näpfchen|||||
474|1|0|||25|25|70|12|gerade|horizontal abgeschlossen, gerundet|90|70|15||0||||0|Flasche?|Flasche||kleiner Durchmesser|||vo||
475|1|0||||||0|||||0|160|8||||0|unklar|||verzierter Bauch|||||
476|1|0|||40|10||1|ausbiegender Rand|horizontal abgeschlossen, gerundet|80|280|5||0||||0|Topf?|||großes Vorratsgefäß?|||do||
477|1|0||||10|80|5|gerade|horizontal abgeschlossen, gerundet|90|80|7||0||||0|unklar|||kleines Gefäß / kleine Mündung|||vo||
478|1|0||||||0|||||0|110|10||||0|unklar|||verzierter Bauch|||||
479|1|0|||20|15|160|8|ausbiegender Rand|horizontal abgeschlossen, gerundet|60|130|10||0||||0|Flasche?|Flasche?||stark ausbiegender Hals|||vi|vo|
480|1|0||30|10|||0|||||0|110|10||||0|unklar|||verzierter Bauch|||||
481|1|0||||||0|||||0||0||||0|unklar||||||||
482|1|0||||||0|||||0||0||||0|unklar|||verziert iwo|||||
483|1|0||||||0||||200|5||0||||0|unklar|||mit Knubbe|||||
484|1|0||||||0|||||0||0||||0|unklar|||verziert iwo|||||
485|1|0||||||0|||||0||1||||0|unklar|||Bauch o. Schulter, komplett verziert|||||
500|1|0||20|15|15||0||||110|6|160|5||||0|Kaufmann D2?|Becher|D2?|nicht übermäßig spezifisch, aber erinnert von der Machart an SBK und Form könnte passen:  Am Bauch sanft geschwungen, Hals ausschwingend|||||
501|1|0||||20||1|gerade|horizontal abgeschlossen, gerundet|100||0||0||||0|Schüssel|||minimal einziehender Rand|Form: Czerniak 1980, S. 35, Abb. 12,7. Verzierung: Kaufmann Taf. 25,20 o. Taf. 41,18 (im Sinne: Linie, die auf Rand zusteuert); Zapotocka 1970, Taf. 6,9 (Stichtechnik), Taf. 2, 10.12||||
502|10|2|||65|15|100|8|ausbiegender Rand|horizontal abgeschlossen, gerundet|70|110|13||0||||0|Flasche|Flasche|EIII 4c (Czerniak)|Hals kippt nach innen, Rand biegt aus, „langer Hals“, Schulteransatz, Unterteil unbekannt|Verzierung ähnlich Kaufmann 1976, Tafel 41, 14||vi|vo|xi
503|3|0||||20||1|gerade|diagonal von innen nach außen|90||0||0|Flachboden|60|90|10|Topf?|||Einschätzung wegen gröberer Machart, Knubbe, Flachbodigkeit mit rel großem Boden|||||
504|1|0||||40||1|gerade|diagonal von innen nach außen|80||0||0||||0|unklar|||check gegen Muster? |||||
505|1|0|||25|10||0||||180|5||0||||0|Knickwandschale??|Schale|Knickwand-Schale?|bei dem großen Durchmesser und dem Scwung möglich. Check gegen Verzierung|||||
506|3|3|||||130|5|gerade|Spitz-gerundet|70||0||0||||0|Schale?|Schale||zusammen gefunden mit weiteren unverzierten Scherben, die so abgerollt waren, dass eine Ausrichtung nicht feststellbar war. Kleiner Knick in der Wandung |Czerniak 1980, Abb. 27, DI / II||||
507|3|3||||||0|||||0||0|Niedriger Standfuß|45|60|20|Schale?|Schale|Knickwand-Schale|zusammen gefunden mit weiteren unverzierten Scherben, die so abgerollt waren, dass eine Ausrichtung nicht feststellbar war. Standfüße/Ringe in SBK sehr sehlten, eigentlich nur bei Schalen|Czerniak 1980, Abb. 27, BI 1a/2a ?||||
508|7|5|||35|20||1|ausbiegender Rand|Spitz-gerundet|70||1||0||||0|Flasche/Becher?|||rel. Feines Gefäß, stark zerscherbt|||vi|vo|
509|2|0||||||1|gerade|diagonal von innen nach außen|90||1||0||||0|Flasche/Becher?|||etwas gröber, aber Ofl gut geglättet|||vi||
510|1|0|||20|7||0|||||1||0||||0|Becher?|Becher||sehr starker Knick|||||
511|3|0|||30|35||1|gerade|rund, nach außen verdickt|80||1||0||||0|Flasche|Flasche||grob gemacht|||vi||
512|1|0|||50|45||0||||150|15||0||||0|Flasche|Flasche||toll geschwungen, flächige Verzierung auf Schulter|||||
513|3|2|||60|10||0|||||1||0||||0|Flasche/Becher?|||unklar, an welcher Stelle|||||
514|1|0||||||0|||||0||0||||0|unklar||||||||
515|1|0||||||0||||180|12||0||||0|Topf/Amphore?|||hier Schulterdurchmesser gemessen, könnte auch Bauchu sein… |||||
516|2|0||40|35|20|240|15|gerade|diagonal von innen nach außen|70|200|12|190|10||||0|c4 Schale nach Kaufmann|Schale|C4 Kaufmann|Knick in der Wandung nur außen|Muster: Zapotocka 1970, Taf. 5,13, Kaufmann 1976, Taf. 36, 5. Taf. 42, 5||vi||xi
517|1|0||35|35|||0|||||0|170|7||||0|Becher?|Becher||Verzierung lt Meyer Ornamenttyp B2, Kaufmann Ib|||||
518|1|0|||25|10||1|gerade|horizontal abgeschlossen, gerundet|90|180|5|200|5||||0|Schale|Schale||BKK laut Wetzel|||xo||
519|1|0||||||0|||||0||1||||0||||BKK laut Wetzel|||||
521|2|2|||15|10|90|25|gerade|diagonal von innen nach außen|90|90|20|100|15||||0|Kumpf|Kumpf|A1 nach Kaufmann|LBK von BKK beeinflusst? Lt wetzel 2013 evtl|||||
530|4|4|155|55|53|47|290|15|ausbiegender Rand|horizontal abgeschlossen, gerundet|80|250|8|240|5|Rundboden|45||1|Schüssel||||||xi||xi
531|4|2||||55|200|15|ausbiegender Rand|horizontal abgeschlossen, gerundet|70||0||0||||0|Schale|Schale|||||||
532|7|5||||65|140|25|ausbiegender Rand|horizontal abgeschlossen, gerundet|60||0||0|||0|0|Schale|Schale|||||||
533|1|0||||29||1|ausbiegender Rand|horizontal abgeschlossen, gerundet|80||1||0||||0|Becher?|Becher||mit Hals iwie|Seelow Gefäß 26||vo?||
534|1|3|105|40|40|20|230|10|ausbiegender Rand|Spitz-gerundet|80||1||1||||0|Becher?|Becher||kurzer Hals|||di|xo|xi
535|1|0|||20|20||1|ausbiegender Rand|horizontal abgeschlossen, gerundet|70||1||0||||0|Becher?|Becher||kurzer Hals|||vi||
536|4|2|170|40|70|25|170|5|ausbiegender Rand|horizontal abgeschlossen, gerundet|70|130|10|190|15||||0|Kugelbecher||||||vi|do|xi
537|1|0||||||0|||||0||0||||0|Becher?|Becher||erinnert an KAK-Muster|||||
538|1|0|75||35|40|185|8|ausbiegender Rand|horizontal abgeschlossen, gerundet|80|170|5||0||||0|Becher?|Becher||rel. Langer Hals|||vi|do|
541|3|3|||||210|10|ausbiegender Rand|Spitz-gerundet|70||0||0||||0|Schale?|Schale||evtl gerade so Umbruch an der Scherbe enthalten|||||
542|2|2||||55|160|10|ausbiegender Rand|horizontal abgeschlossen, gerundet|85||1||0||||0|unklar|||mittelfein|||vi||
543|5|2||||25|240|5|ausbiegender Rand|horizontal abgeschlossen, gerundet|70||1||0||||0|Becher?|Becher||fein|||vi||
544|1|0||||||0|||||0||0|Flachboden|30|50|30|||||||||
545|7|7||70||||0|||||0||1|Flachboden|30|65|30|Kugelbecher|Becher||||||xo|xi
546|1|0|||40|||0|||||0|220|10||||0|unklar|||Bauchdurchmesser außen gemssen|||||
547|1|0||||||0|||||0||0||||0|unklar||||||||
548|4|0||40|30|||0|||||0|220|12||||0|Becher mit Knubben|Becher||zusammenführung von 10,11, 19, 21 oder so|||||
549|1|0||||||1|ausbiegender Rand|horizontal abgeschlossen, gerundet|80||0||0||||0|unklar|||fein|||||
551|3|3||||||0|||||0||0|Flachboden|30|110|5|unklar|||grob|||||
552|1|0||||||0|||||0||0||||0|unklar|||verziert, fein; gleiches wie 24+25|||||
553|1|0||||||0|||||0||0||||0|unklar|||verziert, fein; gleiches wie 23+25|||||
554|1|0||||||0|||||0||0||||0|unklar|||verziert, fein; gleiches wie 23+24|||||
555|4|4||65|20|30||0||||220|15|260|13||||0|Knickwandschale??|Schale|Knickwand-Schale||||||
556|1|0||||25||1|gerade|Spitz-gerundet|80||0||0||||0||||mittelfein, mit Hals |||||
558|1|0||||||1|gerade|Spitz-gerundet|80||0||0||||0|unklar|||mit Hals iwie|||||
559|1|0||||40||1|gerade|horizontal abgeschlossen, gerundet|90||1||0||||0|unklar|||mit Hals iwie|||di|xo|
560|2|0||||25|260|6|gerade|Spitz-gerundet|90|260|6||0||||0|unklar|||mit Hals iwie; fein, als starke Wölbung bei Hals-Schulter-Umbruch kodiert, aber Bilder geben das nicht so stark her?|||vo|do|
561|1|0||||25||1|ausbiegender Rand|horizontal abgeschlossen, gerundet|60||1||0||||0|unklar|||mit Hals iwie|||du||
562|1|0||||||0|||||0||1||||0|unklar|||mit Handhabe, mittelgrob|||||
563|1|0|||||200|9|gerade|horizontal abgeschlossen, gerundet|90||0||0||||0|unklar|||Randdurchm sehr unregelmäßig|||||
566|1|0||||13|0|1|ausbiegender Rand|horizontal abgeschlossen, gerundet|60||0||0||||0|unklar|||fein|||||
567|1|0|||35|||0|||||0|170|12||||0|unklar|||bauchiges Gefäß|||||
568|2|2||||40||1|ausbiegender Rand|horizontal abgeschlossen, gerundet|70||1||0||||0|unklar|||großes Gefäß mit Hals|||vi||
569|1|0||||35|170|5|ausbiegender Rand|horizontal abgeschlossen, gerundet|70||0||0||||0|unklar|||iwie mit Hals|||||
570|1|0||||25||1|gerade|horizontal abgeschlossen, gerundet|90||0||0||||0|unklar|||Hals zieht aus, Rand zieht „ein“ auf gerade ?|||||
571|2|0||||35||1|ausbiegender Rand|horizontal abgeschlossen, gerundet|80||1||0||||0|unklar|||iwie mit Hals|||du|xo?|
572|1|0||||16||1|ausbiegender Rand|Spitz-gerundet|80||0||0||||0|unklar|||was kleineres?|||||
573|1|0||||20||1|ausbiegender Rand|horizontal abgeschlossen, gerundet|70||1||0||||0|unklar|||iwie mit Hals|||vi||
577|1|0||||10|140|5|gerade|horizontal abgeschlossen, gerundet|90||0||0||||0|unklar|||kurzer grader Hals|||||
578|1|0||||||1|gerade|horizontal abgeschlossen, gerundet|90||1||0||||0|unklar|||was grobes großes|||vi?||
586|2|0|||35|35||1|ausbiegender Rand|horizontal abgeschlossen, gerundet|80||1||1||||0|Becher?|Becher||ziemlich langer gerade Hals-Schulter-Bereich und dann Knick zu einem kleinren Untereteil?|||di||
587|2|0||||35||1|ausbiegender Rand|diagonal von innen nach außen|70||0||0||||0||||überlegt, ob evtl kumpfähnlcih einziehend, aber vml nicht und nur falsche Seite beschriftet|||||
588|1|0||||||0|||||1||0||||0|unklar|||außen etwas zu starker Knick vom Hals zur gebogenen Schulter?|||||
589|1|0|||15|10||1|ausbiegender Rand|horizontal abgeschlossen, gerundet|70||1||1||||0|Becher/Topf?|||relativ kleines, aber weitmündiges Gefäß. Evtl auch eine Knickwandschale?|||di|xo|
590|1|0||||10||1|gerade|horizontal abgeschlossen, gerundet|90||1||0||||0|Becher/Topf?|||ungenaue Einschätzung, aber Hals ist relativ kurz|||di||
591|1|0||||10|100|5|gerade|horizontal abgeschlossen, gerundet|90||1||0||||0|unklar|||scheint einen längeren Schulterbereich zu haben, Übergang ist geschwungen: Becher/Topf/Flasche |||vi||
593|1|0||||||0|||||0||0||||0|unklar|||winziges Scherbe|||||
219A|1|0||||||0|||||0||0||||0|unklar||||||||
221|1|0||||||0|||||1||0||||0|unklar|||mit Knubbe, evtl Schulter|||||
228B|1|0||||20||1|gerade|gerade abgestrichen|80||0||0||||0|unklar|||Feinware, kleiner Hals|||||
255a|1|0||||||0|||||0||0||||0|unklar|||Feinware|||||
255b|2|0|||14|20||0|||||1||0||||0|unklar|||Feinware|||||
542b|1|0||||||1|gerade|horizontal abgeschlossen, gerundet|80||0||0||||0|||||||||
592||||||||0|||||1||0||||0|unklar||||||vo||
600|1|0||||||0|||||0||0||||0|unklar|||aus Umbreit 1937 übernommen, dabei leider keine Profilinformation|||||
601|1|0||||||0|||||0||0||||0|unklar|||aus Umbreit 1937 übernommen, dabei leider keine Profilinformation|||||
602|||140|40|65|35|80|100|gerade||90|80|100|155|100|Rundboden|30|30|100|Becher|Becher||aus Umbreit 1937 und Brunner 1905 übernommen, evtl teilweise rekonstruiert (nicht erwähnt, aber der Rand ist etwas unsauber ausgeformt und es scheint auf dem Bild bei Brunner eine „unverzierte Stelle“ am Gefäß zu geben|||du|xo|xi
603|1||115|55|35|25|72|100|gerade||90|72|100|120|100|Flachboden|45|50|100|Becher|Becher||aus Umbreit 1937 und Sprockhoff 1926 übernommen|||vo|xo|xi
604|1||92|40|30|30|65|100|gerade||90|65|100|95|100|Rundboden|25|30|100|Becher|Becher||aus Umbreit 1937 und Sprockhoff 1926 übernommen|||du|xo|xi
605|1||100|30|35|35|95|100|gerade||90|95|100|120|100|Rundboden|50|20|100|Becher|Becher||alle Werte nur ungenau, da Abbildung bei Sprockhoff leicht schrägen Winkel auf das Gefäß zeigt, Umbreit nennt das Gefäß einen Kumpf.  |||du|xo|xi
606|1||100|45|30|25|85|100|gerade||90|85|100|115|100|Flachboden|35|50|100|Becher|Becher||aus Umbreit 1937 übernommen|||du|xo|xi
607|1|0|||40|40||1|||||1||0||||0||||aus Dorka und Umbreit übernommen, leider keine Profilinformationen, Messung reine Schätzung|||||
608|1|0||||||0|||||0||0||||0||||aus Dorka und Umbreit übernommen, leider keine Profilinformationen, nur kleine Scherbe|||||
609|1|0||||||0|||||0||1||||0||||aus Dorka übernommen, leider keine Profilinformationen, |||||
610|1|0||||20||1|ausbiegender Rand||||1||0||||0||||aus Dorka übernommen, leider keine Profilinformationen, hier nur anhand des Fotos vermutet|||||
611|1|0||||40||1|gerade||||1||0||||0||||aus Dorka übernommen, leider keine Profilinformationen, hier nur anhand des Fotos vermutet|||||
612|1|0||||||0|||||0||0||||0||||Abbildung bei Umbreit ohne Profil|||||
613|1|0||||20||1|||||1||0||||0||||Abbildung bei Umbreit ohne Profil|||||
614|1|0||||||0|||||1||0||||0||||Abbildung bei Umbreit ohne Profil|||||
615|1|0||||20||1|||||1||0||||0||||Abbildung bei Umbreit ohne Profil|||||
616|1|0||||||0|||||0||0||||0||||Abbildung bei Umbreit ohne Profil|||||
617|1|0||||||1|||||0||0||||0||||Abbildung bei Umbreit ohne Profil|||||
618|1|0||||||1|||||1||0||||0|Schale?|Schale||Abbildung bei Umbreit ohne Profil|||||
619|1|0|100|40|45|15|75|100|gerade||90|80|100|105|100|Rundboden|25|20|100|Kugelbecher mit Henkel|Becher||Henkel: Rand bis Schulter, nach Angaben 1896 und Umbreit|||vo|do|xi
620|1|0|120|40|45|25|105|100|gerade||90|105|100|140|100|Rundboden|30|40|100|Becher|Becher||Foto bei Dorka 1939 Taf. 12 mit Maßstab, übereinstimmend mit ihren Angaben S. 176|||du|xo|xi
R1|1|||||30|200|7|ausbiegender Rand|horizontal abgeschlossen, gerundet|80||1||0||||0|unklar||||||du||
R2|1|||||20||1|gerade|horizontal abgeschlossen, gerundet|90||0||0||||0|unklar|||kurzer gerader Hals, von dort aus ausbiegend|||||
R3|1|||||30||1|ausbiegender Rand|spitz|70||1||0||||0|unklar||||||||
R4|1|||||30||1|gerade|horizontal abgeschlossen, gerundet|90||1||0||||0|unklar||||||vi||
R5|1|||||30|160|5|gerade|horizontal abgeschlossen, gerundet|90||1||0||||0|unklar||||||di||
R6|1|||||20||1|gerade|horizontal abgeschlossen, gerundet|90||1||0||||0|unklar||||||xi||
R7|1|||||25|280|1|ausbiegender Rand|horizontal abgeschlossen, gerundet|70|270|1||0||||0|ovale Schale?|Wanne?||auf jeden Fall große Schale, Randdurchmesser über 260|||di||
R8|1|||||50|260|5|gerade|horizontal abgeschlossen, gerundet|90|260|5||0||||0|unklar||||||du||
R9|1|||||30|120|5|gerade|horizontal abgeschlossen, gerundet|90||1||0||||0|unklar||||||du||
R10|1|||||20|120|9|ausbiegender Rand|spitz|60||1||0||||0|Schale|Schale|||||xi||
R11|1|||||10||1|ausbiegender Rand|horizontal abgeschlossen, gerundet|60||1||0||||0|Schale|Schale||offen|||xi||
R12|1||||50|15||1|einziehender Rand|horizontal abgeschlossen, gerundet|110|260|7||0||||0|Schüssel||||||xi||
R13|1|||||||0|||||0||0||||0|unklar||||||||
R14|2|0|||50|||0|||||1||0||||0|unklar||||||||
R15|4|0||60|20|||0|||||0|160|9||||0|unklar|||verzierte Schulter unverzierter Bauch|||||
R16|1||||30|10||0||||120|7||0||||0|unklar||||||||
R17|1|||||||0|||||1||0||||0|unklar||||||||
R18|1|||||||0|||||0||0||||0|unklar||||||||
R19|1||||||80|10|||||0||0||||0|unklar|||sehr hochgezogener Radlappen, Form unklar?|||||
R20|1|||||||0|||||0||0||||0|unklar|||mit Knubben|||||
R21|1|||||20||1|gerade|horizontal abgeschlossen, gerundet|90||1||0||||0|unklar||||||vo||
R22|1|||||||0|||||0||0||||0|unklar|||großes Gefäß mit Henkel (dort durchmesser über 260)|||||
R23|1|||||35|100|9|gerade|horizontal abgeschlossen, gerundet|90||0||0||||0|unklar||||||||
R24|3|3||||20|240|8|gerade|horizontal abgeschlossen, gerundet|90||0||0||||0|unklar||||||||
R25|1|||||35||1|gerade|horizontal abgeschlossen, gerundet|90||0||0||||0|unklar||||||||
R26|1|||||30||1|gerade|spitz|90||1||0||||0|unklar||||||du||
R27|1|||||10||0||||100|9||0||||0|unklar|||rel kleines Gefäß|||||
R28|1|||||||0|||||0||0||||0|unklar||||||||
R29|1|0||||||0|||||0||0||||0|unklar||||||||
R30|1|0||||||0|||||0||0||||0|unklar||||||||
R31|1|0||||||0|||||0||0||||0|unklar||||||||
R32|1|0||||30||0||||120|10||0||||0|unklar||||||||
R33|1|0||20|25|8||1|ausbiegender Rand|horizontal abgeschlossen, gerundet|80||1||1||||0|unklar||||||di|xo|
R34|1|0||||37||1|gerade|horizontal abgeschlossen, gerundet|90||1||0||||0|unklar||||||du||
R35|1|0||||||0|||||0||1||||0|unklar|||feines Gefäß|||||
R36|1|0||||||0|||||0||1||||0|unklar|||feines kleines Gefäß|||||
R37|1|0||||||0|||||0||1||||0|unklar|||feines kleines Gefäß|||||
R38|2|2||||35|240|12|ausbiegender Rand|horizontal abgeschlossen, gerundet|80||1||0||||0|unklar|||großes Gefäß|||du||
R39|1|0||||50|260|9|ausbiegender Rand|horizontal abgeschlossen, gerundet|80||0||0||||0|Schale|Schale|||||||
R40|1|0||||25|110|10|gerade|horizontal abgeschlossen, gerundet|90||1||0||||0|unklar||||||du||
R41|1|0||||20||1|ausbiegender Rand|horizontal abgeschlossen, gerundet|80||1||0||||0|unklar||||||du||
R42|1|0||||40||1|ausbiegender Rand|horizontal abgeschlossen, gerundet|80||1||0||||0|unklar||||||du||
R43|1||||30|15|180|6|einziehender Rand|horizontal abgeschlossen, gerundet|100|200|5||0||||0|Schüssel||||||xi||
R44|2|0|||40|15|230|8|einziehender Rand|horizontal abgeschlossen, gerundet|110|250|6||0||||0|Schüssel||||||xi||
R45|1|0||||20|180|6|gerade|gerade abgestrichen|90|180|7||0||||0|unklar||||||du||
R46|1|0||||45|240|7|ausbiegender Rand|diagonal von innen nach außen|80|230|7||0||||0|unklar||||||du||
R47|1|0||||10|230|10|ausbiegender Rand|horizontal abgeschlossen, gerundet|80||0||0||||0|unklar||||||||
R48|1|0||||||0|||||0||0||||0|unklar|||fein verziert, aber grob gemagert|||||
R49|1|0||||30|90|7|gerade|horizontal abgeschlossen, gerundet|90||1||0||||0|unklar||||||di||
R50|1|0|||45|||0||||180|7||0||||0|unklar|||hypothetischer Schulteransatz aufgrund von Verzierung|||||
R51|2|2||||||0|||||0|260|12||||0|unklar||||||||
R52|1|0||||||0|||||0||0||||0|unklar|||nur Knubbe|||||
R53|1|0|||30|35||1|ausbiegender Rand|gerade abgestrichen|70|260|6||1||||0|unklar|||schweres Gefäß, sehr bauchig|||du|xo|
R54|1|0||||20||1|ausbiegender Rand|horizontal abgeschlossen, gerundet|80||1||0||||0|unklar||||||di|do|
R55|1|0||||35|110|10|gerade|diagonal von innen nach außen|90||0||0||||0|unklar||||||||
R56|1|0||||65||1|gerade|horizontal abgeschlossen, gerundet|||1||0||||0|gerader Becher od Schale?|Schale||im Mittelteil d. Scherbe Durchm. 220Mm. Randwinkel nicht feststellbar, wegen Knubben|||du?||
R57|1|0||||50|220|6|gerade|horizontal abgeschlossen, gerundet|||0||0||||0|unklar|||Randwinkel nicht feststellbar, wegen gerundetem Rand|||||
R58|1|0|||25|10||0||||110|12|140|10||||0|S-förmiger Becher|Becher||hübsches kleines Gefäßchen|||||
R59|1|0||20||||0|||||0||1||||0|unklar|||Bauchdurchmesser nicht ermittelbar|||||
R60|1|0||||||0|||||0||1||||0|unklar||||||||
R61|1|0||||50||1|gerade|diagonal von innen nach außen|90|70|15||0||||0|unklar||||||du||
R62|1|0||||||0|||||1||0||||0|unklar|||winzige Scherbe, aber eindeutig, dass der Hals verziert ist|||||
R63|1|0||||||0|||||0|140|5||||0|unklar||||||||
R64|1|0||||35|110|10|ausbiegender Rand|horizontal abgeschlossen, gerundet|80||1||0||||0|unklar||||||du||
R65|1|0|||35|||0|||||1||0||||0|unklar|||innere Ofl zT nicht erhalten, so dass kein Schulterumfang gemessen werden kann|||||
R66|1|0||||45|200|9|gerade|horizontal abgeschlossen, gerundet|90|200|7||0||||0|unklar|||großes grobes Gefäß|||du||
R67|1|0|||45|15|200|15|gerade|horizontal abgeschlossen, gerundet|90|200|15||0||||0|unklar|||großes grobes Gefäß|||di|xo|
R68|1|0|||45|10|280|5|ausbiegender Rand|horizontal abgeschlossen, gerundet|70|280|5|260|8||||0|Schale|Schale|||||vo|xo|
R69|2|2|||35|40|150|5|ausbiegender Rand|horizontal abgeschlossen, gerundet|80|190|8||0||||0|Topf|||Hals zieht ein, Rand ein klein bisschen aus|||vo||
R70|1|0||30|40|10|190|10|ausbiegender Rand|horizontal abgeschlossen, gerundet|70|170|10|100|10||||0|Topf|||Kochtopfstyle|||||
R71|1|0||||15|190|7|ausbiegender Rand|gerade abgestrichen|70|150|7||0||||0|unklar|||evtl zusammen mit 72|||di|du|xi
R72|1|0||||||0|||||0|220|6||||0|unklar|||evtl zusammen mit 71|||||
R73|1|0||||||0|||||0||0||||0|unklar||||||||
R74|1|0|||50|10|160|12|ausbiegender Rand|horizontal abgeschlossen, gerundet|60|140|12|180|10||||0|unklar|||S-förmiges Profl, Henkel endet auf Bauch?|||vi|xo|
R75|1|0|||30|10|200|7|ausbiegender Rand|horizontal abgeschlossen, gerundet|80|190|12||0||||0|unklar|||mittelgrob|||vi||
R76|5|5|||30|60|100|100|ausbiegender Rand|horizontal abgeschlossen, gerundet|80|120|100||0||||0|unklar|||großes Gefäß|||du||
R77|1|0||25|20|30||0||||260|5|280|10||||0|unklar|||S-förmiges Profl|||||
R78|1|0||20|30|20|120|8|ausbiegender Rand|horizontal abgeschlossen, gerundet|80|110|13|140|12||||0|S-förmiges Profl|Topf/Becher?||S-förmiges Profl, mit Henkel|||vi|xo|
R79|1|0|||30|40|240|5|ausbiegender Rand|horizontal abgeschlossen, gerundet|80|220|9||0||||0|Schale|Schale|||||xi||
R80|1|0||25|10|25|270|5|ausbiegender Rand|diagonal von außen nach innen|80|260|5||1||||0|Becher|Becher||check that|||vi|vo|xi?
R81|1|0||30|30|20||25|ausbiegender Rand|horizontal abgeschlossen, gerundet|80|200|20|260|12||||0|S-förmiger Becher / Kanne|Becher||Rand zu unregelmäßig um Durchm abzunehmen|||vi|vo|xi?
R82|1|0|||20|30||1|ausbiegender Rand|gerade abgestrichen|70||1||0||||0|Schale?|Schale||evtl ovale Schale?; gerade Wand|||vi||
R83|1|0||||45|200|10|ausbiegender Rand|horizontal abgeschlossen, gerundet|70||1||0||||0|Schale?|Schale|||||di||
R84|1|0||||30|140|6|gerade|horizontal abgeschlossen, gerundet|90||0||0||||0|unklar||||||||
K1|1|0||||||0|||||0||0||||0|unklar||||||||
K2|14|6|||55|||0||||120|10||1||||0|Becher|Becher||nach Czerniak zusammengelassen|||||
K3|4|4||40|30|25|240|9|gerade|gerade abgestrichen|90|240|9|280|12||||0|Topf||||||di|xo|xi
K4|4|4|120|40|60|20|220|10|ausbiegender Rand|horizontal abgeschlossen, gerundet|60|160|18|220|10||||0|Schale/Becher?|Schale|Knickwand-Schale|S-förmiges Profl|||vi|vo|xi
K5|2|2||||||0|||||0||0||||0|unklar||||||||
K6|2|2||||40||1|gerade|horizontal abgeschlossen, gerundet|90||1||0||||0|Flasche/Topf?|||Hals fast einziehend , dann gerader Rand|||vo||
K7|4|4|||40|40|280|9|ausbiegender Rand|spitz|60|260|8||1||||0|Topf?||||||vi||
K8|1|||||||0|||||0|160|18||||0|unklar|||bauchig|||||
K9|2|2|||30|20||1|ausbiegender Rand|horizontal abgeschlossen, gerundet|60|160|8|180|8||||0|Topf?|||S-profil|||vi|vo|xi
K10|2|2||||35|180|10|ausbiegender Rand|horizontal abgeschlossen, gerundet|80||1||0||||0|Topf?|||Rand biegt ganz am Ende leicht aus, Hals gerade|||vi||
K11|2|2|||30|35|240|6|ausbiegender Rand|diagonal von innen nach außen|45|220|8|180|7||||0|Knickwand-Schale|Schale|Knickwand-Schale|Randdurchmesser außen gemessen|||di|do|
K12|1|0||||15|220|8|ausbiegender Rand|horizontal abgeschlossen, gerundet|60|160|5||0||||0|Schale/Becher ?||||||vi||
K13|4|4|80|50|20|25|300|10|ausbiegender Rand|gerade abgestrichen|70|260|12|260|12||||0|Knickwand-Schale|Schale|Knickwand-Schale||||di|xi|
K14|5|2||||||0|||||0||0|Standfuß|60|100|25|Fußschale|Fußschale||unverzierter Standfuß,min 10cm hoch|||||
K15|5|5||35|35|25|230|9|ausbiegender Rand|horizontal abgeschlossen, gerundet|75|220|8|240|5||||0|Becher|Becher||Klebung macht das Abnehmen der Durchmesser schwierig|||di|xo|xi
K16|1|0||||25|220|5|gerade|horizontal abgeschlossen, gerundet|80|200|5||0||||0|Becher?|Becher|||||di||
K17|7|2||||20||1|ausbiegender Rand|gerade abgestrichen|60||1||0||||0|unklar|||Ausrichtung der Scherbe sehr unsicher|||vi|xo|
K18|1|0||||||0|||||0||0|Standfuß||90|100|Fußschale|Fußschale||Schalenansatz mit Rest Fuß, gehört evtl zu K14|||||
K19|6|6|130|75|25|30||1|ausbiegender Rand|spitz|60|280|15|260|15||||0|Knickwand-Schale|Schale|Knickwand-Schale|Bruch am Bauchumbruch macht Durchmessermessung ungenau|||di|xo|di
K20|3|3||60|25|||0||||200|10|220|10||||0|Becher?|Becher|||||||
S1||||34|35|||0||||85|90|105|100|Flach-gerundet|35|35|100|Becher|Becher||starker Bauchknick, Hals rekonstruiert|Seelow Gef. 2?|||do|xi
S2|||135||75||190|50|gerade|horizontal abgeschlossen, gerundet|60|85|40||1|Standfuß|80|110|40|Fußschale|Fußschale||Fuß 55mm hoch|||di||di
S3||||||||0|||||0|160|12||||0|Becher?|Becher|||||||
S4|||118|60|45|15|128|50|ausbiegender Rand|horizontal abgeschlossen, gerundet|100|120|25|140|20|Flach-gerundet|35|70|25|S-förmiger Becher|Becher|||||vi|xo|xi
S5|||230||90|30|170|5|ausbiegender Rand|horizontal abgeschlossen, gerundet|50|140|5|180|10|Flachboden|||0|Flaschen-ähnlich|Flasche|E2 nach Kaufmann|Boden flach rekonstruiert|||vi|vo|xi
S6|||||55|45||1|gerade|diagonal von außen nach innen|100|200|10||0||||0|Flaschen-ähnlich|Flasche/Topf|EIII 4a o. B? Nach Czerniak|sieht aus wie SBK?, langer gerader Hals, |||du|xo|
S7|1|0||||||0|||||1||1||||0|Flaschen-ähnlich|Flasche?||geschwungener Schulterbereich||||vo|xi
S8|5|3||90||40|190|5|ausbiegender Rand|horizontal abgeschlossen, gerundet|45||1|130|5||||0|Trichterbecher?|||Zeichnerisch komplett rekonstruiert, Mittelteil fehlt jedoch, nur Rand aufgenommen|||vi||xi
K21|16|16|52||||320|100|gerade|horizontal abgeschlossen, gerundet|80|320|100||100|Flachboden|80|290|100|ovale Wanne|||320 x 163 mm Durchmesser!|||di|di|di
K22|6|6|120||||300|10|gerade|spitz|||1||0||||0|Schale|Schale||eventuell steilwandig, aber Rand so unregelmäßig, dass man das nicht sehen kann|||di/du?||
K23|2|2|55|15|20|20|110|6|ausbiegender Rand|horizontal abgeschlossen, gerundet|80|110|5||1||||0|Becher|Becher||klein|||vi|do|xi
K24|4|4||||45|260|15|ausbiegender Rand|horizontal abgeschlossen, gerundet|50|190|18||0||||0|Becher|Becher||Trichter?|||di|xo|
K25|1|0||||||0||||300|5||0||||0|unklar|||nur Knubbe|||||
K26|1|0||||||0|||||0||0||||0|unklar|||nur Henkel|||||
K27|10|10|160|80|40|35|220|10|ausbiegender Rand|horizontal abgeschlossen, gerundet|70|210|12|260|9||||0|Topf/Amphore?||Knickwand-Gefäß|mit Henkel|||vi|vo|di
K28|1|0|||30|40|220|12|ausbiegender Rand|horizontal abgeschlossen, gerundet|70|160|20|170|15||||0|Schale / Topf?|||mit Henkel|||di|xo|
K29|1|0||||||1|ausbiegender Rand|horizontal abgeschlossen, gerundet|||1||0||||0|unklar|||mit Henkel|||vi||
K30|1|0||30|15|20|190|10|ausbiegender Rand|horizontal abgeschlossen, gerundet|70|150|15||1||||0|Becher/Topf?|||mit Henkel|||di|vo|xi
R85|7|7|70|40|15|15|100|10|ausbiegender Rand|horizontal abgeschlossen, gerundet|80|70|20|80|20|Flachboden|30|260|10|ovale Schale|Wanne|ovale Wanne|260 x 70? , mit Henkel, Boden geht sehr rund in den Bauch über|||vi|xi|xi
R86|10|7|150|75||30|260|10|ausbiegender Rand|horizontal abgeschlossen, gerundet|60|220|8||1|Standfuß|45|75|5|Vase?|||recherchieren d Gefäßtyps. Czerniak 2016, Abb3,10. Bauchdurchmesser von mir gemessen 28, Czerniaks Rekonstruktion ist schmaler. Fuß nicht wirklich messbar|||vi|vo|vi
R87|6|4||200|80|||0|||||1|280|12||||0|Topf|||großes Gefäß, 2 Knubben, Vorrat?|||||
R88|4|2|||25|30|220|5|ausbiegender Rand|horizontal abgeschlossen, gerundet|80|200|9||1||||0|Becher|Becher||Randwinkel und RD durch R XCVII - . Scherbe bestimmt|||di|do|xi
R89|1|0||||40||1|ausbiegender Rand|horizontal abgeschlossen, gerundet|60||1||0||||0|Becher/Topf?|||starker Hals-Schulter-Absatz|||vi||
R90|3|3|||30|15||1|ausbiegender Rand|horizontal abgeschlossen, gerundet|80|280|9||1||||0|Schale|Schale|geradwandig?|relativ gerade Hals, aber großer Umfang|||di|xi|xi
R91|1|0||||20||1|ausbiegender Rand|horizontal abgeschlossen, gerundet|80||1||0||||0|unklar||||||vi||
R92|1|0||||30||1|ausbiegender Rand|horizontal abgeschlossen, gerundet|80||1||0||||0|unklar|||relativ gerade Hals|||du||
R93|1|0||||||0|||||0|250|7||||0|unklar|||relativ scharfer Umbruch|||||
R94|4|3||40|25|||0|||||0||1||||0|unklar|||relativ scharfer Umbruch|||||
R95|1|0|||50|||0|||||1||1||||0|unklar|||Henkel|||||
R96|5|5||40|30|15|300|10|ausbiegender Rand|spitz|60|250|13|240|12||||0|Schale|Schale||leicht Knickwandig|||vi|di|xi
R97|4|4||50|30|20|120|12|gerade|horizontal abgeschlossen, gerundet|90|120|20|190|18||||0|Becher/Topf?||||||di|xo|di?
R98|1|1|||40|15||1|ausbiegender Rand|horizontal abgeschlossen, gerundet|60||1||1||||0|unklar||||||vi||
R99|2|2||20|25|20|210|8|ausbiegender Rand|horizontal abgeschlossen, gerundet|60|200|8|220|14||||0|Schale?|Schale|||||vi|xo|xi
R100|3|3|||50|30|270|15|gerade|horizontal abgeschlossen, gerundet|90|270|15|350|10||||0|Topf||||||du|xo|xi
R101|7|4||60||30||1|gerade|diagonal von innen nach außen|90||1|260|8||||0|Schale|Schale||eventuel oval?|||xi||
R102|1|0|||20|25|160|15|ausbiegender Rand|horizontal abgeschlossen, gerundet|70|150|15|260|12||||0|Topf|||Schultermessung sehr unregelmäßg|||vi|vo|xi
R103|1|0|||25|20|210|10|ausbiegender Rand|horizontal abgeschlossen, gerundet|70|206|14|280|9||||0|Topf||||||vi|do|xi?
R104|1|0||||||0|||||1||0||||0|unklar|||||||do|
R105|1|0||||25|280|8|gerade|horizontal abgeschlossen, gerundet|90|260|6||0||||0|Topf?|||Umfangsmessung nur ungefähr in beiden Fällen|||vo||
R106|1|0||||||0|||||0|230|8||||0|unklar||||||||
R107|1|0||30|35|15||1|ausbiegender Rand|spitz|60|170|10|250|8||||0|Schale?|Schale|||||vi|vo|di
R108|4|4|||40|35|280|10|gerade|horizontal abgeschlossen, gerundet|90|280|7||1||||0|Topf?|||Rand sehr uneben, Randwinkel unsicher|||vo|do|
R109|1|0|||25|20|230|6|ausbiegender Rand|spitz|45|220|6||1||||0|Becher?|Becher||Rand zipfelförmig umgebogen|||vi|xo|xi?
R110|1|0||||40||1|gerade|horizontal abgeschlossen, gerundet|90||1||0||||0|unklar|||mit Hals|||du||
R111|1|0||15|15|15||1|ausbiegender Rand|diagonal von außen nach innen|30|160|6|170|8||||0|Knickwand-Schale|Schale|Knickwand-Schale|flach insgesamt|||di|xo|
K31|1|0||||||0|||||0||1||||0|unklar|||nur dreieckige gelochte Knubbe|||||
K32|6|6||70|20|20|300|10|ausbiegender Rand|gerade abgestrichen|60|280|15|340|10||||0|Schale|Schale||Bauchumfang geschätzt, Randform nur leicht abgeplättet|||di|vo|di
Q001|5|5|60||||170|75|gerade|diagonal von innen nach außen|60|160|70||1|Rundboden|||0|Schale|Schale||Schulterumfang geschätzt, Rundboden vermutet|||di|xi|xi
Q002|14|12||80|80|90||0||||200|50|240|50|Rundboden|||0|Flasche|Flasche|E2 nach Kaufmann|großes grobes Gefäß, Rundboden eher zu vermuten||||vo|xi
Q003|3|2|60||||180|23|gerade|diagonal von innen nach außen|30||1||1|Flachboden|30||1|Schale|Schale|geradwandig|sehr schön, gerade Wandung, offene Schale - - deshalb keine Angabe zu Schulter und Bauch, weil nicht differenzierbar, wo diese wären|||di||di
Q004|3|3|||40|35|135|45|gerade|diagonal von innen nach außen|90|125|30|140|30||||0|Becher|Becher||gut erhalten, sanft geschwungen, relativ gerade|||vi|do|xi
Q005|1|0||||35||1|ausbiegender Rand|horizontal abgeschlossen, gerundet|60||1||0||||0|Becher/Flasche|||keine abschließende Querreihe unter dem Rand, aber schräg-senkrechte Stiche bis kurz unter den Rand, falls Schale, dann mit deutlichem Knick, sonst passt der Schulter-teil nicht|Kaufmann 1976, Taf. 43, 12||vi||
Q006|1|0|||65|30|110|25|gerade|diagonal von innen nach außen|90|100|25|105|12||||0|Becher|Becher||langgezogener Becher|||vi|do|xi
Q007|6|3|||75|10|80|12|gerade|horizontal abgeschlossen, gerundet|90|120|10|140|25||||0|Becher/Flasche|||zwei Reihen von Knubben, längliches Oberteil geht sanft in den Hals über – Länge dessen nicht vollständig, Rand nicht erhalten|||di|do|
Q008|1|0|||65|25|125|18|ausbiegender Rand|horizontal abgeschlossen, gerundet|70|100|20||0||||0|Becher/Flasche|||relativ großes Gefäß, fein gemach|||vi|do|
Q009|15|10||40|60|35|110|20|gerade|spitz|90|110|15|130|25||||0|Becher|Becher||Länge des Oberteils nicht klar rekonstruierbar|||vo|xo|xi
Q010|1|0||||||1|gerade|spitz|50||0||0||||0|Schale|Schale||sehr offen|||||
Q011|1|0||||||1|gerade|diagonal von innen nach außen|50||0||0||||0|Schale|Schale||sehr offen|||||
Q012|1|0||||25||1|ausbiegender Rand|horizontal abgeschlossen, gerundet|70||1||0||||0|unklar|||Randlappen und gelocht unter dem Rand|||vi||
Q013|3|3||||||0|||||0|140|20||||0|unklar|||nur Oberteil verziert|||||xi
Q014|5|5|||65|25|100|20|gerade|diagonal von innen nach außen|90|100|25|120|15||||0|Becher|Becher||vmtl mit nem kurzen Unterteil|||vi|do|xi
Q015|2|2|||55|10|90|12|gerade|horizontal abgeschlossen, gerundet|90|90|25|100|25||||0|Becher|Becher||Fast doppelkonisch, kaum ein Übergang Hals-Schulter erkennbar|||du|vo|xi
Q016|8|8|60||||175|18|gerade|horizontal abgeschlossen, gerundet|70||1||1|Flachboden|30|75|25|Schale|Schale||gerundete Wandung, aber keine klare Trennung Hals-Schulter-Bauch erkennbar|||xi||xi
Q017|1|0|||||220|6|gerade|horizontal abgeschlossen, gerundet|70||1||1||||0|Schale|Schale|Knickwand-Schale|mit einem Bauchknick|||di||xi
Q018|1|0||||25||1|ausbiegender Rand|diagonal von innen nach außen|70||1||0||||0|Becher/Flasche||||||vo||
Q019|1|0||||25||1|gerade|diagonal von innen nach außen|80||1||0||||0|Becher/Flasche||||||vo||
Q020|1|0|||||240|6|gerade|diagonal von innen nach außen|80||1||0||||0|Schale|Schale||fast bauchig|||xi||
Q021|1|0|||||270|8|gerade|horizontal abgeschlossen, gerundet|60||1||0||||0|Schale|Schale|geradwandig|geradwandig|||di||
Q022|2|2||40|30|||0|||||0|100|25||||0|Becher/Flasche||||||||xi
Q023|1|0||25|30|||0|||||1|90|18||||0|Becher/Flasche|||unverzierter Bauch, geschwungenes Oberteil||||vo|xi
Q024|1|0||40||||0|||||0|130|15||||0|unklar|||außen klarer Knick, innen stark gerundet|||||xi
Q025|1|0||||||1|gerade|diagonal von innen nach außen|60||1||0||||0|Schale|Schale|geradwandig|fast geradwandig|||xi||
Q026|1|0||||40|180|8|gerade|diagonal von innen nach außen|70||1||0||||0|unklar|||relativ großmündig - - Becher? Topf? Schale geht auch|||di||
Q027|4|4||20|30|25|220|9|gerade|horizontal abgeschlossen, gerundet|70|160|20|140|18||||0|Knickwand-Schale|Schale|Knickwand-Schale|relativ dickwandig|||vi||xi
Q028|1|0|||||120|12|gerade|horizontal abgeschlossen, gerundet|80||0||0||||0|Schale|Schale||steilwandig|||||
Q029|2|2|90|30|45|20|90|30|gerade|horizontal abgeschlossen, gerundet|80|80|30|100|30||||0|Becher|Becher||klein, leichte rundungen|||vi|do|xi
Q030|9|5|145|60|40|20|160|20|ausbiegender Rand|horizontal abgeschlossen, gerundet|60|130|15|140|30|Flach-gerundet|20|50|90|Topf?|||zeichnerisch komplett rekonstruiert, breiter als hoch?|||di|xo|xi
Q031|4|3||70||||0|||||0|170|18|Flach-gerundet|20||1|Schale|Schale||vermutlich, aufgrund der bis zum Boden gehenden verzierung|||||xi
Q032|1|0||||||0|||||1||0||||0|unklar|||relativ dickwandig|||||
Q033|1|0||||||0|||||1||1||||0|Schüssel / Schale|Schale||Ausrichtung unsicher, die vertikale Biegung bei der waagerechten Verzierung zieht etwas stark ein. Aber vom Muster passt es m.E. besser als leicht geschlossene Schüssel als etwas anderes|Kaufmann 1976, Taf. 1, 4||||
Q034|1|0|||45|20||1|ausbiegender Rand|diagonal von innen nach außen|80||1||1||||0|Becher|Becher||sehr feines geradwandiges Gefäß|||di|du|xi?
Q035|1|0||||||1|gerade|diagonal von innen nach außen|60||1||0||||0|Schale|Schale||geradwandig|||di||
Q036|1|0||||30|140|9|ausbiegender Rand|horizontal abgeschlossen, gerundet|70|120|12||0||||0|Becher|Becher||geschwungenes Gefäß|||vi||
Q037|1|0|60||||280|5|gerade|diagonal von innen nach außen|50|220|8||1||||0|Schale|Schale||sehr offen, relativ geradwandig|||vi||xi
Q038|1|0||||||0|||||0||1|Füßchen|||1|Tiergefäß?|||was wie eine Knubbe aussieht ist regelhaft „abgestoßen“ und die Scherbe kann darauf „balancieren“ + innen eine „Absackspur“ neben dem  Fuß → Fuß eines Tiergefäßes oder eines Füßchengefäßes? Für Tiergefäß spricht die „bauchigkeit“|kein guter Vergleich bei kaufmann||||xi
Q039|1|0||||||0|||||1||1||||0|Becher/Flasche|||unklar, relativ fein gemacht, Ausrichtung unsicher, Symmetrie nicht sicher ermittelbar|||||
Q040|1|0||||||0|||||0||0|Flach-gerundet|10|50|45|Schale?|Schale||unklar, aber bei so einem flachen Bodenwinkel vmtl eine offene Schale. Passt auch von der Verzierunge her|||||
Q041|1|0||||||1|ausbiegender Rand|horizontal abgeschlossen, gerundet|70|110|8||0||||0|Becher|Becher||evtl auch Flasche, Hals knickt innen fast „hart“ ab, aber außen sanfter Übergang, Rand uneben? Nur kleines Stück erhalten|||vi||
Q042|6|5||60|90|40|200|15|ausbiegender Rand|horizontal abgeschlossen, gerundet|70|160|23|200|25||||0|Flasche|Flasche||relativ großes, aber feines Gefäß||||vo|xi
Q043|1|0|||60|||0||||200|5|230|10||||0|Becher?|Becher||Durchmesser unregelmäßig, beide Angaben ungenau||||xo|
Q044|1|0||||||0|||||1||0||||0|unklar|||großes Gefäß, mittelgrob|||||
Q045|1|0||||||0|||||1||0||||0|unklar|||großes Gefäß, mittelgrob|||||
Q046|1|0||70||||0|||||0|140|20||||0|unklar|||bauchig|||||xi
Q050|1|||||||1|gerade|horizontal abgeschlossen, gerundet|50||1||0||||0|Schale|Schale|||||xi||
Q051|7|5|||45|25||1|gerade|diagonal von innen nach außen|80|120|8|140|12||||0|Kumpf/Becher?|||Gebhard sagt Kumpf, bin mir aber nicht sicher, Hals ein bisschen lang dafür?|||du|du|xi
Q052|4|2|||35|20|150|9|ausbiegender Rand|diagonal von innen nach außen|70||1||0||||0|Becher?|Becher||mit viel Fantasie rekonstruiert|||vo||
Q053|3|3|||50|30|180|6|ausbiegender Rand|diagonal von innen nach außen|80|160|18||0||||0|Topf?|||Durchmesser von der Zeichnung abgenommen, da nicht mehr geklebt|||vi||
Q054|3|2|||110|40|300|9|gerade|horizontal abgeschlossen, gerundet|90|290|20|370|12||||0|Topf?|||großes Gefäß, relativ grob, relativ langer Hals eher Flasche?|||vo|do|
Q055|4|4|||||160|18|gerade|horizontal abgeschlossen, gerundet|60||1||0||||0|Schale|Schale||bauchig, randwinkel ist kleiner als bei Schulter, Verzierung passt zu Schale|||xi||
Q056|7|3|135|55|60|10|100|20|gerade|diagonal von innen nach außen|90|110|15|110|18|Flach-gerundet|10||1|Kumpf Typ A2|||zylindrisch, mehr oder weniger gerade Wand und dann knickt der Boden rund ab|||du|du|xi
Q057|3|3|50|20|20|10|110|75|ausbiegender Rand|diagonal von innen nach außen|60|90|80|65|90|Rundboden|15|20|80|Schale C2|Schale|C2|hübsches kleines Gefäßchen|||vi||xi
Q058|5|5|||50|20|100|25|gerade|diagonal von innen nach außen|90|100|30||1||||0|Becher|Becher||D2?|||vo||
Q059|5|5|||||240|5|gerade|horizontal abgeschlossen, gerundet|90|240|6|220|9||||0|Schale|Schale||C1 mit etwas steilem Rand, der wieder einzubiegen „scheint“|||xi|xi|
Q060|1|0||||||0|||||0||1||||0|unklar|||mittelgrob, sehr kleine Knubbe, sonst unverziert (?)|||||
Q061|1|0||||||1|gerade|diagonal von innen nach außen|70||0||0||||0|Schale|Schale||vermutlich|||||
Q062|1|0||||||0|||||1||0||||0|unklar|||feineres Gefäß|||||
Q063|1|0||30|50|20|110|9|gerade|diagonal von innen nach außen|90|110|10|120|12||||0|Becher|Becher|||||vo|xo|xi
Q064|1|0|120||||340|10|ausbiegender Rand|horizontal abgeschlossen, gerundet|70|310|10|280|10||||0|Schale|Schale||sehr groß und relativ grobe Machart, Bauch knickt ein wenig ab|||xi||xi
Q065|1|0||||||0|||||1||0||||0|unklar|||stark gebogene Schulter?|||||
Q066|1|0||||||1|gerade|diagonal von innen nach außen|50||0||0||||0|Schale?|Schale||aufgrund Muster und Öffnungswinkel|||||
Q067|1|0||||||1|ausbiegender Rand|horizontal abgeschlossen, gerundet|80||1||0||||0|Topf?|||recht dickwandig, grob, und großer Umfang|||du||
Q068|2|0||||||0|||||1||0||||0|unklar||||||||
Q069|1|0||||||0|||||0|80|12||||0|unklar|||Außennumfang 120 → evtl ist der Innenumfang durch einen etwas doller eingedrückten Stelle dort etwas zu klein||||vo|
Q070|1|0||10|25|10||0||||80|6|100|7||||0|Becher?|Becher||vermutlich. Ich würde die Zeichnung ein klein wenig nach innen „kippen“, so dass der Hals gerade wird|||||
Q071|1|0||||||1|ausbiegender Rand|diagonal von innen nach außen|60||1||0||||0|unklar|||Becher? Flasche? Erinnert an Rössen|||vi||
Q072|1|0||||||0|||||1||0||||0|unklar||||||||
Q073|1|0||||||0|||||1||0||||0|unklar||||||||
Q074|2|2||||||0|||||0|190|10||||0|Schale?|Schale||aufgrund der Verzierung und Biegung|||||
Q075|1|0||||||0|||||1||0||||0|unklar||||||||
Q076|1|0||||||1|gerade|gerade abgestrichen|70||1||0||||0|Schale?|Schale||Durchmesser recht groß (über 24cm?)|||di||
Q077|1|0||||30|140|8|ausbiegender Rand|horizontal abgeschlossen, gerundet|70|100|10||0||||0|unklar|||Topf?|||di?||
Q078|1|0||||30|250|8|gerade|diagonal von innen nach außen|80||1||0||||0|unklar|||Topf ? Großer Randdurchmesser + Ansatz zur Schulter (eher nicht Schale), grobe Magerung|||vi?||
Q079|1|0||||||0|||||1|80|12||||0|unklar|||Becher? Knickwandschale?||||do?|xi
Q080|1|0||||||0|||||0||0||||0|unklar||||||||
Q081|5|5|110|||||1|gerade|diagonal von außen nach innen||220|6||1||||0|Schale|Schale|geradwandig|geradwandig|||di||xi
Q082|1|0||||30||1|ausbiegender Rand|diagonal von innen nach außen|80||1||1||||0|unklar|||Becher?|||vo||
Q083|2|2||||35||1|ausbiegender Rand|diagonal von innen nach außen|70||1||0||||0|unklar|||Becher?|||vi||
Q084|3|3||||||0||||140|12||0||||0|unklar|||Schulteransatz anhand des Musters interpretiert|||||
Q085|2|2||||27|210|8|ausbiegender Rand|horizontal abgeschlossen, gerundet|80|180|12||0||||0|unklar|||Becher/Topf?|||vi||
Q086|4|4||60|40|||0|||||1|240|8||||0|Flasche?|Flasche|E2 nach Kaufmann|geschwungen eingezogene Schulter||||vo|xi
Q087|1|0|||||260|8|gerade|diagonal von außen nach innen|60||1||0||||0|Schale|Schale|geradwandig|geradwandig?|||di||
Q088|1|0||||||0|||||1||0||||0|unklar|||zu wenig erhalten|||||
Q089|3|3|100|30|45|30||1|ausbiegender Rand|gerade abgestrichen|80|90|25|120|25||||0|Becher|Becher||deutlicher Bauchknich|||vi|vo|xi
Q090|3|3|50||||180|10|gerade|diagonal von innen nach außen|50||1|130|20||||0|Schale|Schale||mit gerundeter Wandung|||vi|xi|xi
Q091|2|2||||20|260|6|gerade|diagonal von innen nach außen|60|260|6||0||||0|unklar|||anhand des Randwinkels und des großen Durchmessers eher Schale, andererseits Schulteransatz eher Topf|||di?||
Q092|1|0|||||120|6|gerade|horizontal abgeschlossen, gerundet|60||0||0||||0|unklar|||evtl Schale?|||||
Q093|1|0|||||140|6|gerade|diagonal von innen nach außen|60||0||0||||0|unklar||||||||
Q094|5|5||40|40|||0||||100|15|130|25||||0|Becher?|Becher||Schulter anhand der Verzierung||||xo?|xi
Q095|1|0||||||1|gerade|horizontal abgeschlossen, gerundet|50||0||0||||0|Schale?|Schale||aufgrund des Randwinkels|||||
Q096|1|0||||||1|gerade|diagonal von innen nach außen|45||1||0||||0|Schale|Schale||aufgrund des Randwinkels|||vi||
Q097|1|0||||||1|gerade|gerade abgestrichen|90||0||0||||0|unklar|||Schale? Fuß einer Fußschale?|||||
Q098|1|0|||||180|5|gerade|diagonal von innen nach außen|90|170|5||0||||0|Topf?|||aufgrund der Verzierung und Randwinkel|||vi||
Q099|2|2||||25|130|7|gerade|diagonal von innen nach außen|80||1||0||||0|unklar|||Becher?|||vi||
Q100|2|2||||||0||||160|5||0||||0|unklar|||Topf? Steingemagert, grobwandig, keine Verzierung außer Knubbe|||||
E001|||||||240|12|ausbiegender Rand|horizontal abgeschlossen, gerundet|70|180|15||0||||0|Becher/Topf?|||vmtl Topf?|||vi||
E002|||||||150|5|ausbiegender Rand|horizontal abgeschlossen, gerundet|80|130|6||0||||0|Becher?|Becher|||||vi||
E003||||||||1|ausbiegender Rand|diagonal von innen nach außen|70||1||0||||0|Becher/Topf?||||||vi||
E004||||||||5|gerade|gerade abgestrichen|90||0||0||||0|unklar||||||||
E005||||||||1|ausbiegender Rand|diagonal von innen nach außen|60|160|6||0||||0|unklar|||evtl Topf? Flasche?|||vi||
E006|||||||300|6|gerade|Spitz-gerundet|50||1||0||||0|Schale|Schale|geradwandig?|vmtl geradwandig?|||di||
E007|15|0|||||180|8|gerade|spitz|60||1|140|7||||0|Knickwand-Schale|Schale|Knickwand-Schale|nicht exakt rekonstruierbar, aber die Scherben passen ganz gut zu einem Typ. Schale, aber eindeutig mit knick|||vi|xo|xi
E008|7|4||||30|160|9|gerade|spitz|80|140|5||0||||0|Becher|Becher||noch zwei weitere Scherben nicht aufgenommen|||vi/di?||
E009||||||35|140|7|gerade|spitz|80||0||0||||0|Becher?|Becher|||||||
E010|3|0||||35|70|9|gerade|diagonal von innen nach außen|90|60|20||0||||0|Becher/Flasche|Flasche|||||du||
E011|6|2||||||1|gerade|spitz|70||1||0|Flachboden|20|80|9|Schale|Schale||drei Scherben nicht aufgenommen|||di||xi
E012||||||40|320|6|ausbiegender Rand|diagonal von innen nach außen|60|260|7||0||||0|Topf?|||rel grob gemacht|||vi||
E013||||||45||1|gerade|horizontal abgeschlossen, gerundet|90|280|10||0||||0|Topf?|||sehr groß und relativ grobe Machart, Bauch knickt ein wenig ab|||vo||
E014||||||||0||||110|7||0||||0|Becher?|Becher|||||||
E015|1|||||||0||||260|6||0||||0|Topf?|||nur nach Verzierung mit Leiste und Größe|||||
E016|1|||||||0|||||0||0||||0|unklar|||evtl Becher (fein verziert?), es ist ein Stück Schulter oder Bauch?|||||
E017|1|||||||0||||170|8||0||||0|Schale?|Schale||anhand der Verzierung, es ist evtl Hals-Schulter-übergang, also evtl Knickwandschale|||||
E018||||30||||0|||||0|90|20|Flach-gerundet|20|40|15|Kumpf/Becher?|||mit Knickwand, Oberteil zieht konisch ein||||vo?|xi
E019|3|2|||||200|7|gerade|diagonal von innen nach außen|60||1||0||||0|Schale|Schale|||||di?||
E020|7|6||||||0|||||0||0|Flachboden|20|80|50|unklar|||großes Gefäß, eher fein gemacht, Knickwandschale?|||||
E021|9|3|||||180|5|gerade|spitz|70|160|10||10||||0|Schale, rundwandig|Schale||in DB von Eythra als Flachbodig, so nicht zu bestätigen, eher rundbodig|||xi||
E022|12|3||||||1|gerade|diagonal von außen nach innen|70||1||1|Flach-gerundet|10||1|Schale, rundwandig|Schale||vmtl rundwandig|||||xi
E023|||||||280|10|gerade|horizontal abgeschlossen, gerundet|60||1||0||||0|Schale|Schale|||||vi/di?||
E024|||||||220|5|gerade|diagonal von innen nach außen|60|150|11||0||||0|Schale|Schale||vmtl gradwandig|||xi||
E025||||||||1|gerade|spitz|70|240|6||0||||0|Schale|Schale||vmtl rundwandig|||xi||
E026||||||||1|gerade|gerade abgestrichen|80|190|5||0|Flachboden|10|75|90|unklar||||||xi||
E027||||||||0|||||0||0||||0|unklar||||||||
E028||||||||0|||||0||0||||0|unklar||||||||
E029||||||||0||||160|15||0||||0|unklar|||Knubbe am Bauchansatz, Verzierung geht über von Schulter auf Bauch|||||
E030||||||||0|||||0||0|Standfuß|60|80|20|Fußschale?|Fußschale?||Standring gebrochen, unklar, wie groß der Fuß war|||||
E031|2|2|85|30|25|25|80|18|gerade|spitz|90|80|20|90|18||||0|Becher|Becher||klein, fein|||du||xi
E032|6|6|120|30|60|30|160|12|gerade|horizontal abgeschlossen, gerundet|80|150|10|120|10||||0|Becher|Becher||leicht offene Form|||vi||xi
E033|2|0|||100|20||1|gerade|diagonal von innen nach außen|90||1|180|12||||0|Becher|Becher||mit Knickwand|||vi|do|xi?
E034|5|0|||||220|4|gerade|horizontal abgeschlossen, gerundet|60||1||1||||0|Schale mit rundem Bauch|Schale|||||di?||xi
E035|1|||||||1|gerade|horizontal abgeschlossen, gerundet|100||1||0||||0|unklar||||||xi||
E036|2|2|||||210|7|gerade|spitz|50|130|20||1||||0|Schale|Schale|sehr flach|Sehr offene, flache Form|||xi||
E037|||||||260|13|gerade|horizontal abgeschlossen, gerundet|60|220|12|160|7|Rundboden|30||1|Schale|Schale||mit leichter Knickwand|||di||xi
E038|||||||340|20|gerade|horizontal abgeschlossen, gerundet|80|320|15||0|Flach-gerundet|||0|Topf|||Wackelboden-Angabe von Datenbank übernommen|||vi||
E039|2|2||||15|100|6|gerade|diagonal von innen nach außen|90|100|6||0||||0|Becher|Becher|||||du?||
E040|14|3|||30|20||1|gerade|spitz|100|120|9|130|7||||0|Langgezogener Kumpf|||evtl auch Becher?|||xo?||
E041|14|8||30|50|||0||||100|10|120|18||||0|Langgezogener Kumpf|||oder Becher||||do|xi
E042|10|5|70||||180|12|gerade|diagonal von innen nach außen|60||1||0||||0|Schale mit rundem Bauch|Schale|||||xi||xi
E043|1||||||280|5|gerade|diagonal von innen nach außen|70||1||0||||0|Schale|Schale||obere Teil rel. Steil|||di||
E044|2|2|||40|25|60|12|ausbiegender Rand|diagonal von innen nach außen|80|60|12||1||||0|Becher|Becher||kleiner Becher|||vo||
E045|2|0|||||280|9|gerade|spitz|70|200|10||0||||0|Schale|Schale||vmtl. Rundwandig|||xi||
E046|8|6|135|60|45|30||1|ausbiegender Rand|spitz|80|140|7||1|Flachboden|20||1|Becher?|Becher||rel. Großes Gefäß|||vi||xi
E047|2|0||||10||1|gerade|diagonal von innen nach außen||60|9||0|Flachboden|60||1|Becher?|Becher|||||du?||di
E048|4|4|80|20||60|250|20|gerade|spitz|60||1|180|20|Rundboden|||0|Schale|Schale||rundwandig|||di||xi
E049|5|3||50|40|||0|||||1|135|15|Flachboden|45|75|30|Knickwand-Becher?|Becher||Boden ist nicht ganz rund, ||||du?|xi
E050|9|4|75||||190|50|gerade|horizontal abgeschlossen, gerundet|60||1||1|Flachboden|45|60|1|geradwandige Schale||geradwandig||||||di?
E051|20|4|100|40|40|20|120|12|ausbiegender Rand|diagonal von innen nach außen|80||1||1||||0|Becher/Topf?|||Rekonstruktion schwierig wegen doll abgenudelten Altbrüchen|||di||di
E052|1|0||||||1|gerade|diagonal von innen nach außen|50||0||0||||0|Schale|Schale||vmtl sehr offen und flach|||||
E053|1|0||||||0|||||0||0||||0|unklar|||gewölbter Bauch o. Schulter|||||
E054|1|0||||||0|||||0||0||||0|unklar||||||||
E055|1|0||||||0|||||1|110|7|Flachboden|||0|unklar|||vmtl Schulter-Bauch-Übergang anhand der Verzierung, Boden aus DB – evtl Boden-Bauch-Übergang?|||||
E056|1|0||||||0|||||0||0||||0|unklar|||aber feines gefäß|||||
E057|1|0||||||0||||120|6||0||||0|unklar|||aber feines gefäß|||vi?||
E058|1|0||||||0|||||0||0||||0|unklar||||||||
E059|9|0||||||1|gerade|spitz|90||1||1||||0|Becher?|Becher||sehr feines, vmtl recht geradwandiges Gefäß (alle Scherben haben wenig Rundung)|||xi?||
E060|1|0||||27||1|gerade|horizontal abgeschlossen, gerundet|90||0||0||||0|unklar|||sehr fein, evtl ein Becher|||||
E061|6|0||||22||1|gerade|diagonal von außen nach innen|90||0||0||||0|Kumpf?|||unklar, sehr feines kleines Gefäß|||||
E062|2|0||||||0|||||1||0||||0|unklar|||scheint eine recht lange Schulter zu sein (ca 110mm Durchm irgendwo)|||||
E063|3|0|||||170|6|gerade|spitz|||0||0||||0|Schale?|Schale||Rand zu zerstört um Ausrichtung festzustellen|||||
E064|2|0||||27||1|gerade|spitz|||0||0||||0|Kumpf?|||Rand zu zerstört um Ausrichtung festzustellen|||||
E065|2|2|||25|10|100|10|gerade|spitz|100||1||0||||0|Kumpf?|||Randausrichtung aus der Zeichnung|||do||
E066|6|4|||||160|7|gerade|spitz|70||1||0||||0|Schale|Schale||steilwandig|||vi||
E067|7|2||||||0|||||1||0|Rundboden|20|60|50|unklar||||||||xi
E068|1|0||||||0|||||0|120|7||||0|unklar|||Ausrichtung schwierig|||||
E069|7|0||||||0|||||0||0||||0|unklar|||feines Gefäß, war einmal geflickt (nicht aufgenommene Scherbe|||||
E070|2|2||||||0|||||0||0||||0|unklar||||||||
E071|1|0|50||||220|6|||60||1||1||||0|Schale|Schale||rundwandig|||xi||xi
E072|1|0|||||160|5|gerade|horizontal abgeschlossen, gerundet|80||1||0||||0|unklar|||recht fein|||vi|do|xi
E073|12|11|||||150|10|gerade|spitz|70|120|12|140|18|Rundboden|20||1|Becher|Becher||recht breit, aber fein|||du|vo/do?|
E074|4|3||||||1|gerade|spitz||180|9||0||||0|unklar|||Flasche? Geradwandiger Becher o. Schale? Da das gefäß so abgerollt ist, lässt sich nichts zur Ausrichtung sagen, ob das die Schulter ist…||||du?|
E075|15|0|||||200|6|ausbiegender Rand|diagonal von innen nach außen|80|190|8||0||||0|unklar|||langgezogene Schulter, eher grob|||vi|vo|
E076|1|0||||||1|gerade|horizontal abgeschlossen, gerundet|60||0||0||||0|Schale?|Schale||vmtl|||||
E077|5|0||||40|180|7|ausbiegender Rand|diagonal von innen nach außen|60|140|7||0||||0|Knickwand-Schale?|Schale|Knickwand-Schale|aufgrund des starken Durchmesserrückgangs und des vermuteteten Randwinkels + leichter Ausbiege der Schulter|||vo?||
E078|5|0||||25|150|12|ausbiegender Rand|spitz|60|130|6|110|12||||0|Knickwand-Schale/Becher?|Becher||Durchmesser nimmt stark ab → anders rekonstruiert als die Zeichnung|||vi|xi|
E079|6|0|||30|30||1|gerade|horizontal abgeschlossen, gerundet|110||1||0||||0|Kumpf?|||wie A3 bei Kaufmann? Schwer zu sagen, weil nur schmale Scherbe|||do|xo|
E080|1|0||||15||1|ausbiegender Rand|diagonal von innen nach außen|70||1||0||||0|unklar|||Becher?|||vi||
E081|1|0||||25||1|gerade|diagonal von innen nach außen|80|80|12||0||||0|geradwandiger Becher?||||||di|du|
E082|4|0|||||80|15|gerade|horizontal abgeschlossen, gerundet|110||1||0||||0|Kumpf?|||Zeichnung hat noch stärkere Randneigung, ich denk 110 reicht|||do|xo?|
E083|14|2||||30|140|6|gerade|horizontal abgeschlossen, gerundet|80|130|12|120|18||||0|Becher?|Becher||größter Gefäßumfang ist Mündung?|||vi|vo|xi
E084|3|0||||||1|gerade|diagonal von außen nach innen|70||1||0||||0|unklar|||zu wenig erhalten|||du?||
E085|26|0||||||1|gerade|diagonal von innen nach außen|||0||0||||0|unklar||||||||
E086|1|0||||||0|||||0||1||||0|unklar|||kleines Bruchstück|||||
E087|13|0|||55|||0|||||1||1||||0|unklar|||evtl eine Schale, wg. der langen Schulter und Durchmesser von über 26||||xo?|
E088|4|0||||||0|||||1||0||||0|unklar||||||||
E089|6|2||||||0|||||0||0||||0|unklar||||||||
E090|16|5||||||0||||190|5|200|1||||0|unklar|||evtl sehr gerades Gefäß, aber Anpassungen sind unsicher|||||
E091|1|0|||45|||0||||120|9||1||||0|unklar|||Becher?||||do?|
E092|1|0||||||0|||||0|140|7||||0|unklar|||Ausrichtung unsicher|||||
E093|2|0||||||1|gerade|Spitz-gerundet|||1||1||||0|unklar|||evtl rundwandige Schale aufgrund der Verzierung am Hals (senkechte Bänder ohne Randband)|||du?|xo?|xi
E094|1|0||||||0|||||0||0||||0|unklar|||nur Hornzapfen. Evtl zugehörig zu E095, aber mE unklar|||||
E095|4|2|50||||250|8|gerade|spitz|70||1||1|Rundboden|20||1|Schale|Schale||rundwandig|||||xi
E096|5|0||35|45|||0|||||0|200|5||||0|unklar|||Schulter unvollständig in Form||||xo?|xi
E097|3|0||||||0|||||0|120|12||||0|unklar|||mit Knubbe, Bauchumbruch, aber Symmetrien nicht ganz klar|||||
E098|2|0||||30|140|12|gerade|diagonal von innen nach außen|90|140|12||0||||0|Becher?|Becher||relativ geradwandig (Schulter- oder Bauchscherbe hat Durchmesser von 150)|||du||
E099|7|4|60||40|20|160|15|gerade|horizontal abgeschlossen, gerundet|70|150|15|140|8||||0|Schale|Schale||fast geradwandig|||xi||xi
E100|3|2||||||1|gerade|spitz|70||1||0||||0|Schale|Schale|||||xi||
E101|4|3|20||||170|10|gerade|spitz|60||1||1|Flachboden|30|100|10|Schale|Schale||sehr klein, geradwandig|||di||xi
E102|7|4||30|55|25|140|12|gerade|diagonal von innen nach außen|90|130|12||1|Flachboden|30|60|20|Becher|Becher||relativ gerader Körper|||du|do|xi
E103|14|2|||60|||0||||120|15||1||||0|unklar|||Schulteransatz anhand des Musters interpretiert, Form unklar|||||
E104|1|0||||||0|||||0||0||||0|unklar||||||||
E105|4|3|||70|||0|||||1|260|10||||0|Vase?|||reich verziert, lange recht gerade Schulter und Knubbe am Bauch, Ausrichtung unsicher|||||
E106|3|2||||||0|||||1||0|Flachboden|30||1|unklar|||Durchmesser des erhaltenen Stück Schulters: 12cm, am Bodenansatz etwa 10cm, aber schlecht festzustellen||||xo?|xi
E107|4|3|||45|20|90|100|gerade|diagonal von innen nach außen|90|100|8||1||||0|Becher|Becher||kleiner Becher, gerade Wandung, Bauchumfang unsicher wegen Bruch und sich lösender Klebung|||di|vo|
E108|1|0||||||1|gerade|diagonal von außen nach innen|||1||0||||0|Schale/Kumpf?|||leichte Rundung des Randes nach „innen“ (bzw wieder aufrecht) → Schale oder Kumpf, Ausrichtung unklar, Scherbe zu klein|||||
E109|21|12||||25|140|12|gerade|horizontal abgeschlossen, gerundet|70|120|12|110|10|Rundboden|30||1|Schale|Schale||mit stark gerundeter Wandung|||xi?||xi
E110|2|2||||||0|||||0||0||||0|unklar||||||||
E111|2|0||||||0|||||0||1||||0|unklar|||feines Gefäß mit Knubbe|||||
E112|8|0||||40||0||||100|7||0||||0|unklar|||feines Gefäß, evtl ein kleiner Becher?|||||
E113|4|2||||||0|||||1||0||||0|unklar|||gröberes Gefäß|||||xi
E114|1|0||||||0|||||1||0||||0|unklar|||vmtl Schulter|||||
E115|7|2||||||0|||||1||0||||0|unklar|||vmtl Schulter|||xi?||
E116|2|2||||30|60|10|gerade|horizontal abgeschlossen, gerundet|100|80|5||0||||0|Kumpf?|||geschlossene Form|||do||
E117|1|0||||||0|||||1||0||||0|unklar||||||||
E118|3|0||||||0|||||1||0||||0|unklar|||Durchmesser der Schulter wo erhalten ca 20cm|||||
E119|21|7|||||160|15|gerade|horizontal abgeschlossen, gerundet|60|200|12||0||||0|Topf?|||unverziert, grob gemagert, außen und innen mal sehr poliert gewesen|||vi||
E120|1|0||||||0|||||0||0|Flachboden|50|90|25|unklar||||||||
E121|1|0||||||1|ausbiegender Rand|diagonal von innen nach außen|60|110|10||0||||0|||||||vi|do|
E122|26|20|50||||180|30|gerade|horizontal abgeschlossen, gerundet|60||1||1|Flach-gerundet|20|40|100|Schale|Schale||mit gerundeter Wandung|||xi||xi
E123|15|13|50||||200|12|gerade|spitz|70||1||1|Flach-gerundet|30|40|50|Schale|Schale||mit gerundeter Wandung|||xi||xi
E124|9|4||||80|190|12|gerade|horizontal abgeschlossen, gerundet|90||1||1||||0|Becher|Becher||mit gerader Wandung|||du||
E125|8|0||||40||1|gerade|diagonal von innen nach außen|80|220|7||0||||0|unklar|||Topf?|||vi/di?|vi?|
E126|1|0||||||0|||||0||0|Flachboden|60||1|unklar|||sehr klein|||||
E127|1|0||||||0|||||1||0||||0|unklar|||kleiner Becher?|||||
E128|5|2||||30|140|11|gerade|diagonal von innen nach außen|80|130|11||0||||0|unklar|||recht grob hergestelltes Gefäß, schlecht verstrichen, grob gemagert|||vi/di?||
E129|5|0||||||0|||||0||0|Flachboden|30|80|20|unklar||||||||
E130|8|0|||||220|7|gerade|diagonal von innen nach außen|60||1||1||||0|Schale|Schale|||||di||
621|2|0|210|80|90|40|100|5|gerade|horizontal abgeschlossen, gerundet|80|95|10|170|30|Rundboden|30|50|70|Becher|Becher||aus Wetzel 1973, Abb. 1, Prozentangaben zur Erhaltung geschätzt und Maße vom Bild abgenommen|||vo|xo|xi
622|1|0|||||100|10|gerade|horizontal abgeschlossen, gerundet|80||1||0||||0|Kumpf|||aus Wetzel 1988, Abb. 2,10, Prozentangaben zur Erhaltung geschätzt und Maße vom Bild abgenommen|||di||
623|1|0||||||1|gerade|spitz|90||0||0||||0|Napf?|||aus Wetzel 1988, Abb. 2,9 – Zuordnung unsicher|||||
624|2|0|||35|40|60|0||||60|10|80|1||||0|Becher?|Becher||aus Wetzel 1988, Abb. 2,5 – evtl auch „drehbar“ zu einer Fußschale? Dann wäre aber die Einstichreihe im Übergang „jetzig“ Hals-Schulter ungewöhnlich, Bauchansart in  der Zeichnung sehr schwach|||du|xo?|
625|1|0||||||1|ausbiegender Rand||100||0||0||||0||||aus Wetzel 1988, Abb. 4,4 – evtl dazugehörig ein Flachboden?|||||
626|1|0||||||0|||||0||1||||0|Becher?|Becher||aus Wetzel 1988, Abb. 2,7 – vom Stil wie ein Bruchteil eines dreigliedrigen Bechers|||||
627|2|0||65|40|||0|||||0|140|10|Flachboden|45|80|10|Becher?|Becher||aus Wetzel 1988, Abb. 4,6 – vom Stil wie ein Bruchteil eines dreigliedrigen Bechers||||do?|di
628|1|0||||||1|einziehender Rand|gerade abgestrichen|110||1||0||||0|Kumpf|Kumpf||aus Wetzel 2021, Abb. 3,3|||xo||
629|2|0|||||240|5|gerade|gerade abgestrichen|100||1||0||||0|Kumpf?|||aus Wetzel 2013, Abb. 11,1 minimal einziehender Hals lt Wetzels Beschreibung|||du|do|
630|1|0||||15|130|10|ausbiegender Rand|horizontal abgeschlossen, gerundet|70|120|10||0||||0|Flasche/Topf?|||aus Wetzel 2013, Abb. 11,2|||vi|vo|
631|1|0|||||150|10|einziehender Rand|horizontal abgeschlossen, gerundet|100|160|10||0||||0|Becher|Becher||aus Wetzel 1988. Abb. 2,24|||do|do|
632|1|0||||||0|||||1||0||||0|Becher|Becher||aus Wetzel 1988. Abb. 2,15||||xo|
633|1|0|||||90|5|gerade|diagonal von innen nach außen|90||1||0||||0|Becher|Becher||aus Wetzel 1988. Abb. 2,20|||vo||
634|1|0||||||1|einziehender Rand|horizontal abgeschlossen, gerundet|110||1||0||||0|unklar|||aus Wetzel 1988. Abb. 2,23|||do|xo|
635|1|0||||||1|gerade|spitz|80||0||0||||0|unklar|||aus Wetzel 1988. Abb. 4,2|||di||
636|1|0|||||180|5|ausbiegender Rand|horizontal abgeschlossen, gerundet|70||1||0||||0|Flasche/Topf?|||aus Wetzel 2013, Abb. 10,2|||vi||
637|2|0|||||240|5|ausbiegender Rand|horizontal abgeschlossen, gerundet|80||1||0||||0|Topf?|||aus Wetzel 2013, Abb. 10,7|||||
638|1|0|||||240|5|ausbiegender Rand|horizontal abgeschlossen, gerundet|60|220|5||0||||0|Topf|||aus Wetzel 2013, Abb. 8,8|||vi||
639|1|0|||||120|10|ausbiegender Rand|horizontal abgeschlossen, gerundet|70|110|10||0||||0|Becher/Flasche?|Becher||aus Wetzel/Beran 2023, Abb 123|||vi|xo?|
640|1|0|114|49|35|30|90|100|gerade|horizontal abgeschlossen, gerundet|80|85|100|123|100|Rundboden|20|45|100|Becher|Becher||aus Wetzel 1988, Abb. 3,1|||di|xo|xi
