Sys_Czerniak1980_Abb7|ID|scherben.id|gefûÊûnummer|technikform|technik|ausfuehrung|grûÑûe|ausr.zu.rand|Handhabentyp|Form_grundflaeche|profil_tiefe|profil_seitlich_abschluss|seitlich_richtung|geteilt|gelocht|gepropft|in Muster einbezogen|ort|ort_k|lûÊnge_mm|tiefe_mm|lûÊnge_zu_tiefe|Bemerkung|Ornament|Bemerkung2|kultur|stufe|fundort|kreis||
1n||50|3|Oval-gerade|knubbe|mittel|groû|90|Knubbe|oval|flach|gerundet|gerade|einteilig|nein|gepropft|ins Muster einbezogen|hals|hals|35||||100|gleichmûÊûiger Abstand|SBK|spûÊt|Seelow 20|MûÊrkisch-Oderland||
1n||52|3|Oval-gerade|knubbe|mittel|groû|90|Knubbe|oval|flach|gerundet|gerade|einteilig|nein|gepfropft|ins Muster einbezogen|hals|hals|35||||100|gleichmûÊûiger Abstand|SBK|spûÊt|Seelow 20|MûÊrkisch-Oderland||
1n||Bild 49|3|Oval-gerade|knubbe|mittel|groû|90|Knubbe|oval|groû|gerundet|gerade|einteilig|nein|ins Muster einbezogen|ins Muster einbezogen|hals|hals|35|15|2,33333333333333||100|gleichmûÊûiger Abstand|SBK|spûÊt|Seelow 20|MûÊrkisch-Oderland||
1ar||68, 137 und 327|11|rund-gerade|knubbe|flach|klein||Knubbe|rund|flach|gerundet|gerade|einteilig|nein||ins Muster einbezogen|randstûÊndig|randstûÊndig|13|5|2,6||NA|nach innen orientiert|SBK|spûÊt|Seelow 20|MûÊrkisch-Oderland||
6n||300|113a|Oval-gerade|henkel|klein|mittel|90|Henkel|oval|flach|gerundet|gerade|einteilig|quer groûe ûffnung|gepfropft||unklar||17|5|3,4||NA|NA|SBK|spûÊt|Seelow 20|MûÊrkisch-Oderland||
1br||72|26|horizontal lûÊnglich|randlappen|mittel|groû|0|Randlappen|oval|mittel|gerundet|gerade|einteilig|nein|||randstûÊndig|randstûÊndig|35|10|3,5||NA|Randlappen|SBK|spûÊt|Seelow 20|MûÊrkisch-Oderland||
1n||54|4b|Oval-gerade|knubbe|NA|NA|90|Knubbe|oval|flach|gerundet|gerade|einteilig|nein||ins Muster einbezogen|hals?|hals|15|5|3||101|Ausrichtung von Knubben? Ausrichtung des Musters?|SBK|spûÊt|Seelow 20|MûÊrkisch-Oderland||
1n||56|4b|Oval-gerade|knubbe|NA|NA|90|Knubbe|oval|flach|gerundet|gerade|einteilig|nein|herausgearbeitet| ins Muster einbezogen|hals?|hals|15|5|3||101|Ausrichtung von Knubben? Ausrichtung des Musters?|SBK|spûÊt|Seelow 20|MûÊrkisch-Oderland||
7n||155|60|Rechteckig-gerade|gelochte Knubbe|NA|NA|90|Knubbe|oval|flach|eckig|gerade|einteilig|quergelocht|NA||schulter|schulter|15|5|3||NA|NA|SBK|spûÊt|Seelow 20|MûÊrkisch-Oderland||
6n?||219|89|nicht erhalten|Henkel|klein|klein|90|Henkel|oval|mittel|gerundet|gerade|einteilig|quer groûe ûffnung|gepropft||unklar||25|10|2,5|nur untere HûÊlfte erhalten|NA|Ausrichtung unsicher|SBK|spûÊt|Seelow 20|MûÊrkisch-Oderland||
1ar||426|220|rund-gerade|knubbe|flach|klein||Knubbe|rund|mittel|gerundet|gerade|einteilig|nein|||randstûÊndig|randstûÊndig|15|10|1,5||NA|NA|RûÑssen|nicht differenzierbar|Flemsdorf|Uckermark||
1c||427|221|Oval-spitz-hochgezogen|knubbe|spitz|mittel|0|Knubbe|oval|groû|spitz|gerade|einteilig|nein|||schulter|schulter|15|15|1||NA|spitz|RûÑssen|nicht differenzierbar|Flemsdorf|Uckermark||
7a||472|266|Rund-spitz-gerade|knubbe|klein|klein||Knubbe|rund|flach|spitz|gerade|einteilig|nein|herausgearbeitet||schulter?|schulter|12|5|2,4||NA|12mm|SBK?|nicht differenzierbar|Hohenbrû¥ck 3|Dahme-Spreewald||
1a||459|244|rund-gerade|knubbe|klein|klein||Knubbe|rund|flach|gerundet|gerade|einteilig|nein|herausgearbeitet||hals|hals|10|4|2,5||NA|NA|BKK?|nicht differenzierbar|Hohenbrû¥ck 3|Dahme-Spreewald||
8b||462|246|rund-gerade|doppelknubbe|klein|mittel||Knubbe|oval|flach|gerundet|gerade|zweigeteilt|nein|herausgearbeitet||schulter|schulter|2x10|5|||NA|NA|BKK?|nicht differenzierbar|Hohenbrû¥ck 3|Dahme-Spreewald||
7p||463|247|oval-hochgezogen|randlappen|mittel|mittel|0|Randlappen|oval|mittel|gerundet|hochgezogen|gedellt|nein|herausgearbeitet||û¥ber rand hinaus|randstûÊndig|30|10|3||NA|gedellter|BKK?|nicht differenzierbar|Hohenbrû¥ck 3|Dahme-Spreewald||
1cr||464|248|horizontal lûÊnglich|randlappen|flach|groû|0|Randlappen|oval|mittel|spitz|gerade|einteilig|nein|herausgearbeitet||randstûÊndig|randstûÊndig|30|7|4,28571428571429||NA|NA|BKK?|nicht differenzierbar|Hohenbrû¥ck 3|Dahme-Spreewald||
2cr||465|249|horizontal lûÊnglich|randlappen|klein|klein|0|Randlappen|oval|mittel|gerundet|hochgezogen|einteilig|nein|herausgearbeitet||û¥ber rand hinaus|randstûÊndig|25|7|3,57142857142857||NA|NA|BKK?|nicht differenzierbar|Hohenbrû¥ck 3|Dahme-Spreewald||
1d||466|250|SchrûÊg-eckig-gerade|knubbe|mittel|mittel|70|Knubbe|Eckig-oval|groû|gerundet|gerade|einteilig|nein|herausgearbeitet||hals?|hals|25|15|1,66666666666667||NA|NA|BKK?|nicht differenzierbar|Hohenbrû¥ck 3|Dahme-Spreewald||
8nr||467|251|Schmaloval-gerade|knubbe|mittel|groû|90|Knubbe|oval|mittel|gerundet|gerade|einteilig|nein|herausgearbeitet||randstûÊndig|randstûÊndig|30|7|4,28571428571429||NA|rechtwinklig zum Rand, wie Nase|BKK?|nicht differenzierbar|Hohenbrû¥ck 3|Dahme-Spreewald||
2dr||468|252|Oval-gerade|knubbe|mittel|groû|70|Knubbe|oval|mittel|gerundet|gerade|einteilig||herausgearbeitet||randstûÊndig|randstûÊndig|33|7|4,71428571428571||NA|schrûÊg vom Rand aus|BKK?|nicht differenzierbar|Hohenbrû¥ck 3|Dahme-Spreewald||
4n||475|269|Eckig-gerade|henkel|groû|sehr groû|90|Henkel|oval|sehr groû|gerundet|gerade|einteilig|quergelocht|||hals-schulter-umbruch|hals-schulter-umbruch|55|32|1,71875||NA|NA|RûÑssen|nicht differenzierbar|Flemsdorf|Uckermark||
4p2||479|272|zapfenfûÑrmig|knubbe|sehr groû|groû|0|Knubbe|oval|sehr groû|gerundet|hochgezogen|einteilig|nein|gepfropft||unklar||25|40|0,625||NA|NA|RûÑssen|nicht differenzierbar|Flemsdorf|Uckermark||
8ar||499|288|Rund-hochgezogen|knubbe|mittel|klein||Knubbe|rund|mittel|abgestumpft|hochgezogen|einteilig||herausgearbeitet||û¥ber rand hinaus|randstûÊndig|15|6|2,5||NA|NA|BKK?|nicht differenzierbar|Bochow 2|Teltow-FlûÊming||
3n||500|289|LûÊnglich-rund|henkel|sehr groû|groû|90|Henkel|oval|sehr groû|gerundet|gerade|einteilig|quergelocht|||Schulter|schulter|55|20|2,75||NA||RûÑssen?|nicht differenzierbar|Bochow 2|Teltow-FlûÊming||
9b||502|291|oval-hochgezogen|knubbe|flach|klein|0|Knubbe|oval|flach|gerundet|hochgezogen|einteilig|senkrechte gelocht|||schulter-bauch-umbruch|hals-schulter-umbruch|20|5|4||NA|von unten plattgedrû¥ckt|RûÑssen?|nicht differenzierbar|Bochow 2|Teltow-FlûÊming||
3n||536|326|rundlich|henkel|mittel|sehr groû|90|Henkel|oval|sehr groû|gerundet|gerade|einteilig|quergelocht|||schulter|schulter|40|17|2,35294117647059||NA|NA|RûÑssen?|nicht differenzierbar|Bochow 2|Teltow-FlûÊming||
1a||546|336|rund-spitz|knubbe|klein|klein||Knubbe|rund|flach|gerundet|gerade|einteilig|nein|herausgearbeitet||unklar||10|5|2||NA|NA|SBK?|nicht differenzierbar|Bochow 2|Teltow-FlûÊming||
9a||548|338|Rund-lûÊnglich nach oben|knubbe|groû|klein||Knubbe|rund|sehr groû|abgestumpft|hochgezogen|gedellt|nein|gepfropft?||schulter-bauch-umbruch|schulter-bauch-umbruch|15|20|0,75||105|ist das ein Doppelstich?|SBK?|nicht differenzierbar|Bochow 2|Teltow-FlûÊming||
1a||559|349|rundlich|knubbe|flach|klein||Knubbe|rund|flach|gerundet|gerade|einteilig|nein|herausgearbeitet||hals|hals|12|5|2,4||NA|eventuell schulter?|SBK?|nicht differenzierbar|Bochow 15|Teltow-FlûÊming||
10ar||584|373|Rund-spitz-hûÊngend|knubbe|mittel|klein||Knubbe|rund|mittel|spitz|hûÊngend|einteilig|nein|||rand|oben auf dem rand|15|7|2,14285714285714||NA|NA|BKK?|nicht differenzierbar|Neuendorf am See 6|Dahme-Spreewald||
7ar||585|374|Rund-spitz-gerade|knubbe|mittel|klein||Knubbe|rund|flach|spitz|gerade|einteilig|nein|||rand|oben auf dem rand|15|5|3||NA|wûÑlbt leicht û¥ber den Rand hinaus|BKK?|nicht differenzierbar|Neuendorf am See 6|Dahme-Spreewald||
11a||586|375|Rund-hûÊngend|knubbe|mittel|klein||Knubbe|rund|flach|gerundet|hûÊngend|einteilig|nein|||hals/schulter|hals und schulter|15|3|5||NA|grob, uneben|BKK?|nicht differenzierbar|Neuendorf am See 6|Dahme-Spreewald||
9a||590|380|rundlich|knubbe|mittel|klein||Knubbe|rund|mittel|abgestumpft|hochgezogen|gedellt|nein||ins Muster einbezogen|schulter-bauch-umbruch|schulter-bauch-umbruch|15|7|2,14285714285714||109|Vergleich in Polen, Raute oder Spirale?|SBK|nicht differenzierbar|Schiaû 1|Teltow-FlûÊming||
1a||596|386|rund|knubbe|flach|klein||Knubbe|rund|flach|gerundet|gerade|einteilig|nein|||schulter|schulter|10|5|2||NA|NA|SBK?|nicht differenzierbar|Bochow 15|Teltow-FlûÊming||
1a||741|431|oval|knubbe|flach|klein||Knubbe|rund|flach|gerundet|gerade|einteilig|nein||ins Muster einbezogen|bauchumbruch|schulter-bauch-umbruch|10|5|2||NA|mittlere Zinken macht eine Art Furchenstich, Abstand zwischen Zinken 2-3-4 groû, Abstand zum Rand ca 1cm|SBK|eher spûÊt|ZûÑllmersdorf|Dahme-Spreewald||
1c||742|432|oval|knubbe|mittel|mittel|0|Knubbe|oval|mittel|spitz|gerade|einteilig|nein|||unter dem rand, hals|unter dem rand, hals|30|10|3||25|unklar ob alleine oder eine von vielen|SBK|eher spûÊt|ZûÑllmersdorf|Dahme-Spreewald||
3p2||743|433|rundlich|gelochte knubbe|mittel|klein|0|Knubbe|oval|groû|gerundet|hochgezogen|einteilig|senkrechte gelocht|||bauchumbruch|schulter-bauch-umbruch|30|15|2||114|sehr unregelmûÊûig, unsauber, grob, eng beeianander, Stiche eng gesetzt ãpseudo-doppelstichã|SBK|eher spûÊt|Kaden 4|Dahme-Spreewald||
8b||757|447|rund|knubbe|flach|klein|0|Knubbe|oval|flach|gerundet|gerade|zweigeteilt|nein||ins Muster einbezogen|schulter-bauch-umbruch|schulter-bauch-umbruch|15|3|5||115|NA|SBK|nicht differenzierbar|Rohrbeck 14|Teltow-FlûÊming||
gebrochen||762|452|oval|knubbe|NA|NA||Knubbe|oval||||||||schulter|schulter|||||NA|grob gestochen, unregelmûÊûig|SBK?|nicht differenzierbar|Bochow 2|Teltow-FlûÊming||
7a||775|465|rund|knubbe|mittel|klein||Knubbe|rund|mittel|spitz|gerade|einteilig|nein|||schulter?|schulter|12|7|1,71428571428571||NA|NA|RûÑssen|nicht differenzierbar|Flemsdorf|Uckermark||
1a||793|483|rundlich|knubbe|mittel|klein||Knubbe|rund|mittel|gerundet|gerade|einteilig|nein|||schulter-bauch-umbruch|schulter-bauch-umbruch|17|6|2,83333333333333||NA|NA|RûÑssen|eher spûÊt|Groû Kienitz 7|Teltow-FlûÊming||
1b||807|503|oval|knubbe|mittel|klein|0|Knubbe|oval|mittel|gerundet|gerade|einteilig|nein|||unter dem rand, hals|unter dem rand, hals|25|8|3,125||NA|fast randstûÊndig, aber nicht ganz, leicht schrûÊg, nur grob zugearbeitet|SBK|nicht differenzierbar|Neuendorf 23|Spree-Neiûe||
3d||834|515|oval|gelochte knubbe|sehr groû|sehr groû|80|Knubbe|oval|sehr groû|gerundet|gerade|einteilig|quergelocht|||schulter oder bauch|schulter oder bauch|70|40|1,75||NA|rundlich im Profil, ca 3,5 cm tief, nur kleines Loch, konisch von zwei Seiten gestochen?|RûÑssen|nicht differenzierbar|Flemsdorf|Uckermark||
7a2||837|517|oval|knubbe|mittel|mittel||Knubbe|rund|groû|spitz|gerade|gedellt|nein|||schulter-bauch-umbruch|schulter-bauch-umbruch|37|12|3,08333333333333||30|laut Meyer: Ornamenttyp B2 ausgefû¥hrt nach Kaufmann Ib (von oben auf Knubbe zu )|SBK|mittel|Bochow 16|Teltow-FlûÊming||
2d||839|519|oval|knubbe|mittel|NA|70|Knubbe|oval|groû|gerundet|gerade|einteilig|nein|||bauch|bauch|25|11|2,27272727272727||NA|Ort auf GefûÊû unsicher|BKK?|nicht differenzierbar|Klinkow 26|Uckermark||
4a||841|521|rund|knubbe|mittel|NA||Knubbe|rund|mittel|abgestumpft|gerade|einteilig|nein|||schulter|schulter|10|10|1|ist das relevant?|NA|unregelmûÊûig, bezieht Knubbe mit ein|BKK?|nicht differenzierbar|Bietikow 15|Uckermark||
1cr||607|533|oval|randlappen|mittel|NA|0|Randlappen|oval|groû|spitz|gerade|einteilig|nein|||randstûÊndig|randstûÊndig|42|12|3,5||NA|eventuell ausklammern|RûÑssen|mittel?|Selchow 7|Dahme-Spreewald||
11a||623|546|rund|knubbe|flach|NA||Knubbe|rund|flach|gerundet|hûÊngend|einteilig|nein|||schulter-bauch-umbruch|schulter-bauch-umbruch|25|5|5|bisschen unsicher, ob nicht doch 1a|NA|NA|RûÑssen|mittel?|Selchow 7|Dahme-Spreewald||
1a||624|547|rund|knubbe|flach|NA||Knubbe|rund|flach|gerundet|gerade|einteilig|nein|gepfropft||unklar||20|5|4||NA|NA|RûÑssen|mittel?|Selchow 7|Dahme-Spreewald||
1a||632|548|rund|knubbe|flach|NA||Knubbe|rund|flach|gerundet|gerade|einteilig|nein|herausgearbeitet||schulter|schulter|15|5|3||NA|NA|RûÑssen|mittel?|Selchow 7|Dahme-Spreewald||
10b||629,630|548|rund-oval|knubbe|flach|NA|0|Knubbe|oval|mittel|gerundet|hochgezogen|einteilig|nein|||schulter-bauch-umbruch|schulter-bauch-umbruch|25|8|3,125||NA|NA|RûÑssen|mittel?|Selchow 7|Dahme-Spreewald||
1a||634|555|rund|knubbe|mittel|NA||Knubbe|rund|mittel|gerundet|gerade|einteilig|nein|||schulter|schulter|20|6|3,33333333333333||NA|NA|RûÑssen|mittel?|Selchow 7|Dahme-Spreewald||
gebrochen||640|561|NA|knubbe|NA|NA||Knubbe|||||||herausgearbeitet||direkt am rand|unter dem rand, hals|||||NA|gebrochen, Form unklar: Randlappen?|RûÑssen|mittel?|Selchow 7|Dahme-Spreewald||
gebrochen||641|562|NA|knubbe|NA|NA||Knubbe|||||||gepfropft?||schulter|schulter|||||NA|Gebrochen, eventuell Henkel, evtl. gepropft|RûÑssen|mittel?|Selchow 7|Dahme-Spreewald||
1br||racot I|R1|NA|randlappen|NA|NA|0|Randlappen|oval|flach|gerundet|gerade|einteilig|nein|||oben auf dem rand|oben auf dem rand|27|3|9||NA|nur Ansatz erhalten|SBK|spûÊt|Racot st. 18|Wielkopolskie||
2cr?||racot IV|R4|oval-hochgezogen|randlappen|NA|NA|0|Randlappen|oval|nach oben|gerundet|hochgezogen|einteilig|nein||verziert||oben auf dem rand|x|x||vermutlich. Gebrochen|NA|beidseitig gleichtief|SBK|spûÊt|Racot st. 18|Wielkopolskie||
1b||racot XVI|R15|oval|knubbe|oben flach, unten rechtwinklig|mittel|0|Knubbe|oval|mittel|gerundet|gerade|einteilig|nein|||schulter-bauch-umbruch|schulter-bauch-umbruch|18|7|2,57142857142857||131|Ausfû¥hrung sloppy,  unregelmûÊûig|SBK|spûÊt|Racot st. 18|Wielkopolskie||
9n||racot XXI|R18|lûÊnglich|gelochte knubbe|mittel|mittel|90|Knubbe|oval|sehr groû|gerundet|hûÊngend|einteilig|quergelocht|||schulter-bauch-umbruch|schulter-bauch-umbruch|12|17|0,705882352941176||NA|Ort unsicher|SBK|spûÊt|Racot st. 18|Wielkopolskie||
3cr||racot XXII|R19|breit-oval|randlappen|deutlich|NA|0|Randlappen|oval|flach|gerundet|hochgezogen|einteilig|nein|||oben auf dem rand|oben auf dem rand|15|4|3,75||NA|NA|SBK|spûÊt|Racot st. 18|Wielkopolskie||
8b||racot XXIII|R20|rundlich|doppelknubbe|NA|klein|0|Knubbe|oval|flach|gerundet|gerade|zweigeteilt|nein|||schulter-bauch-umbruch|schulter-bauch-umbruch|2x7|3|||134|NA|SBK|spûÊt|Racot st. 18|Wielkopolskie||
3n||racot XXV|R22|breit|henkel|groû|NA|90|Henkel|oval|sehr groû|gerundet|gerade|einteilig|quergelocht|||unklar||75|35|2,14285714285714||NA|NA|SBK|spûÊt|Racot st. 18|Wielkopolskie||
4cr||racot XLII|R38|oval|randlappen|mittel|NA|0|Randlappen|oval|flach|gerundet|hochgezogen|einteilig|nein|||direkt am rand|unter dem rand, hals|25|5|5||NA|NA|SBK|spûÊt|Racot st. 18|Wielkopolskie||
4cr2||racot XLIII|R39|oval|randlappen|mittel|NA|0|Randlappen|oval|nach oben|gerundet|hochgezogen|einteilig|nein|||oben auf dem rand|oben auf dem rand|27|0|||NA|NA|SBK|spûÊt|Racot st. 18|Wielkopolskie||
3cr2||racot XLIV|R40|oval|randlappen|mittel|NA|0|Randlappen|oval|flach|gerundet|hochgezogen|einteilig|nein|||oben auf dem rand|oben auf dem rand|20|5|4||NA|kûÑnnte Fingernagelabdruck sein|SBK|spûÊt|Racot st. 18|Wielkopolskie||
2cr||racot XLVI|R42|oval|randlappen|mittel|NA|0|Randlappen|oval|flach|gerundet|hochgezogen|einteilig|nein|||randstûÊndig|randstûÊndig|25|5|5||NA|groû unregelmûÊûig|SBK|spûÊt|Racot st. 18|Wielkopolskie||
4cr||racot XLVII|R43|oval|randlappen|mittel|NA|0|Randlappen|oval|flach|gerundet|hochgezogen|einteilig|nein|||oben auf dem rand|oben auf dem rand|25|5|5||NA|NA|SBK|spûÊt|Racot st. 18|Wielkopolskie||
5cr||Racot LII|R47|unklar|randlappen|groû|NA|0|Randlappen|oval|mittel||hûÊngend|einteilig|nein|||randstûÊndig|randstûÊndig|45|10|4,5||NA|unregelmûÊûig, û¥ber Randlappen hinweg|SBK|spûÊt|Racot st. 18|Wielkopolskie||
1b||racot LVII|R52|oval|knubbe|mittel|NA|0|Knubbe|oval|mittel|gerundet|gerade|einteilig|nein|gepfropft||unklar||25|7|3,57142857142857|verziert|NA|vmtl am Bauchumbruch|SBK|spûÊt|Racot st. 18|Wielkopolskie||
5cr2||racot LIX|R54|b-fûÑrmig|randlappen|groû|NA|0|Randlappen|oval|sehr groû|gerundet|hûÊngend|gedellt|nein|||randstûÊndig|randstûÊndig|35|23|1,52173913043478||NA|2cm herausragend|SBK|spûÊt|Racot st. 18|Wielkopolskie||
gebrochen||racot LX|R55|NA|henkel|klein|NA|100|Henkel|||||||||randstûÊndig|randstûÊndig|25||||NA|NA|SBK|spûÊt|Racot st. 18|Wielkopolskie||
4cr3||racot LXI|R56|oval|randlappen|klein|groû|0|Randlappen|oval|nach oben|gerundet|hochgezogen|einteilig|nein|||oben auf dem rand|oben auf dem rand|2x20|0|||141|ãhalbes Muster 96ã|SBK|spûÊt|Racot st. 18|Wielkopolskie||
9b2||racot LXIV|R59|schmal-oval|knubbe|klein|NA|0|Knubbe|oval|flach|abgestumpft|hochgezogen|einteilig|nein||ins Muster einbezogen|bauchumbruch|schulter-bauch-umbruch|17|5|3,4||143|Querknubbe!|SBK|spûÊt|Racot st. 18|Wielkopolskie||
1b||racot LXVIII|R63|oval|knubbe|klein||0|Knubbe|oval|flach|gerundet|gerade|einteilig|nein|||bauchumbruch|schulter-bauch-umbruch|20|4|5||145|geht û¥ber Knubbe hinweg (extra Zeile)|SBK|spûÊt|Racot st. 18|Wielkopolskie||
6nr2||racot LXXIX|R74|breit|henkel|flach|groû|90|Henkel|oval|sehr groû|gerundet|gerade|einteilig|quer groûe ûffnung|||randstûÊndig auf bauch|hals, schulter, bauch|55|25|2,2||146|bogen entlang des henkels, eng gestochen|BKK|frû¥h|Racot st. 18|Wielkopolskie||
5cr3||racot_LXXX|R75|Oval-hûÊngend|randlappen|||0|Randlappen|oval|flach|gerundet|hûÊngend|gedellt|nein|||randstûÊndig|randstûÊndig|17|4|4,25|muss in DATA tabelle nachgetragen werden|NA|û¥berstochen von quadratischen Stichen|BKK|frû¥h|Racot st. 18|Wielkopolskie||
gebrochen||racot LXXXIII|R78|NA|henkel|groû|NA|90|Henkel|||||||||randstûÊndig auf bauch|hals, schulter, bauch|55||||NA|NA|BKK|frû¥h|Racot st. 18|Wielkopolskie||
6nr2||racot LXXXVI|R81|breit|henkel|mittel|groû|90|Henkel|oval|sehr groû|gerundet|gerade|einteilig|quer groûe ûffnung|||randstûÊndig auf bauch|hals, schulter, bauch|50|20|2,5||146|unregelmûÊûig|BKK|frû¥h|Racot st. 18|Wielkopolskie||
10n||krusz III|K2|oval-spitz|gelochte knubbe|mittel|mittel|90|Knubbe|oval|mittel|spitz|gerade|einteilig|quergelocht|gepfropft?||schulter|schulter|27|10|2,7|||NA|SBK|spûÊt|Kruszynek st. 6|Kujawsko-Pomorskie||
gebrochen||krusz VI|K4|oval-?|knubbe||mittel||Knubbe|||||||gepfropft||schulter|schulter|30||||NA|direkt am Rand, auûen|SBK|spûÊt|Kruszynek st. 6|Kujawsko-Pomorskie||
3a||krusz VIII|K6|rund-zapfenfûÑrmig|knubbe|groû|klein||Knubbe|rund|groû|spitz|gerade|einteilig|nein|||hals|hals|10|13|0,769230769230769||NA|NA|SBK|spûÊt|Kruszynek st. 6|Kujawsko-Pomorskie||
1a||krusz X|K8|rundlich|knubbe|flach|mittel||Knubbe|rund|flach|gerundet|gerade|einteilig|nein|||schulter-bauch-umbruch|schulter-bauch-umbruch|10|3|3,33333333333333||NA|NA|SBK|spûÊt|Kruszynek st. 6|Kujawsko-Pomorskie||
1b||krusz XI|K9|oval-gerade|knubbe|mittel|mittel|90|Knubbe|oval|mittel|gerundet|gerade|einteilig|nein|||hals-schulter-umbruch|hals-schulter-umbruch|22|10|2,2||NA|Querknubbe!|SBK|spûÊt|Kruszynek st. 6|Kujawsko-Pomorskie||
4a2||krusz XVII|K15|rund-zapfenfûÑrmig|gedellte knubbe|groû|klein||Knubbe|rund|mittel|abgestumpft|hochgezogen|einteilig|nein|||schulter|schulter|15|10|1,5||NA|auûen seitlich auf dem Rand|SBK|spûÊt|Kruszynek st. 6|Kujawsko-Pomorskie||
4a2||krusz XXI|K19|rund-zapfenfûÑrmig|verzierte knubbe|mittel|mittel||Knubbe|rund|mittel|abgestumpft|hochgezogen|einteilig|nein|gepfropft||schulter-bauch-umbruch|schulter-bauch-umbruch|12|8|1,5||NA|NA|SBK|spûÊt|Kruszynek st. 6|Kujawsko-Pomorskie||
2b2||krusz XXII|K20|lûÊnglich-zapfenfûÑrmig|verzierte knubbe|mittel|groû|0|Knubbe|oval|mittel|gerundet|hochgezogen|einteilig|nein|||schulter-bauch-umbruch|schulter-bauch-umbruch|18|10|1,8||NA|NA|SBK|spûÊt|Kruszynek st. 6|Kujawsko-Pomorskie||
7ar||Karsko2_02|S2|rund-oval|knubbe|klein|klein||Knubbe|rund|mittel|spitz|gerade|einteilig|nein|||randstûÊndig|randstûÊndig|10|10|1||149||SBK|spûÊt|Karsko/SchûÑningsburg|Zachodniopomorskie||
6br2||krusz XXIII|K21|oval-hûÊngend|gelochter randlappen|groû|groû|0|Randlappen|oval|sehr groû|abgestumpft|gerade|einteilig|senkrechte gelocht|||randstûÊndig|randstûÊndig|35|17|2,05882352941176||NA|vollstûÊndiges GefûÊû|SBK|spûÊt|Kruszynek st. 6|Kujawsko-Pomorskie||
3a2||krusz XXIV|K22|oval-zapfenfûÑrmig|doppelknubbe|groû|groû||Knubbe|rund|mittel|spitz|hochgezogen|zweigeteilt|nein||ins Muster einbezogen|schulter|schulter|20|7|2,85714285714286||NA|NA|SBK|spûÊt|Kruszynek st. 6|Kujawsko-Pomorskie||
gebrochen||krusz XXV|K23|oval-unklar|henkel|NA|mittel|90|Henkel|||||||||randstûÊndig|randstûÊndig|33||||NA|gebrochen: entweder zweite Knube direkt darunter auf dem Bauchumbruch ODER Henkel. Vermutich gebrochener Henkel. GefûÊû sehr bgerollt, Bruch nicht eindeutig identifizierbar|SBK|spûÊt|Kruszynek st. 6|Kujawsko-Pomorskie||
3p||krusz XXVII|K25|Dreieckig-hochgezogen|gelochte knubbe|groû|groû|0|Knubbe|oval|sehr groû|gerundet|hochgezogen|einteilig|senkrechte gelocht|||hals-schulter-umbruch|hals-schulter-umbruch|65|43|1,51162790697674||NA|sehr groû, dreieckig, von oben gelocht, fast Querhenkel|SBK|spûÊt|Kruszynek st. 6|Kujawsko-Pomorskie||
6nr2||krusz XXVIII|K26|lûÊnglich-rund|henkel|mittel|groû|90|Henkel|oval|sehr groû|gerundet|gerade|einteilig|quer groûe ûffnung|||hals|hals|37|25|1,48||NA|auûen am Rand des Henkels|SBK|spûÊt|Kruszynek st. 6|Kujawsko-Pomorskie||
4n||krusz XXIX|K27|oval-rund|henkel|mittel|groû|90|Henkel|oval|sehr groû|gerundet|gerade|einteilig|quergelocht|||hals|hals|53|31|1,70967741935484||NA|bis Schulter-Bauch-Umbruch|SBK|spûÊt|Kruszynek st. 6|Kujawsko-Pomorskie||
4n||krusz XXX|K28|oval-rund|henkel|mittel|groû|90|Henkel|oval|sehr groû|gerundet|gerade|einteilig|quergelocht|||hals|hals|50|37|1,35135135135135||NA|bis Schulter-Bauch-Umbruch|SBK|spûÊt|Kruszynek st. 6|Kujawsko-Pomorskie||
6nr2||krusz XXXI|K29|breit-oval|henkel|groû|groû|90|Henkel|oval|sehr groû|gerundet|gerade|einteilig|quer groûe ûffnung|||randstûÊndig|randstûÊndig|70|40|1,75||NA|bis Schulter-Bauch-Umbruch|SBK|spûÊt|Kruszynek st. 6|Kujawsko-Pomorskie||
6nr2||krusz XXXII|K30|breit-rund|henkel|mittel|mittel|90|Henkel|oval|sehr groû|gerundet|gerade|einteilig|quer groûe ûffnung|||randstûÊndig|randstûÊndig|45|24|1,875||NA|geht zum Teil auf den Henkel rauf|SBK|spûÊt|Kruszynek st. 6|Kujawsko-Pomorskie||
3n||racot XC|R85|oval-oval|henkel|klein|klein|90|Henkel|oval|groû|gerundet|gerade|einteilig|quergelocht||ins Muster einbezogen|randstûÊndig|randstûÊndig|23|11|2,09090909090909|||bezieht Henkel mit ein|BKK|ii b|Racot st. 18|Wielkopolskie||
7ar||racot XCI|R86|dreieckig-gerade|randlappen|klein|klein||Randlappen|rund|mittel|spitz|gerade|einteilig|nein|||randstûÊndig|randstûÊndig|10|10|1||154|beginnt direkt unterhalb des Rande und bedeckt den ganzen Hals|BKK|ii b|Racot st. 18|Wielkopolskie||
2b3||racot XCIV und XCV|R87|oval-hochgezogen|gelochte knubbe|groû|groû|0|Knubbe|oval|sehr groû|gerundet|gerade|gedellt|senkrechte gelocht|NA||schulter-bauch-umbruch|schulter-bauch-umbruch|55|30|1,83333333333333||NA|zwei Knubben, eine eher zapfenfûÑrmig nach oben, die andere gerade, beide sehr groû, gedellt/geschlitzt|BKK|ii b|Racot st. 18|Wielkopolskie||
1cr||racot XCVIII|R89|oval-gerade|randlappen|klein|klein|0|Randlappen|oval|mittel|spitz|gerade|einteilig|nein|||randstûÊndig|randstûÊndig|17|6|2,83333333333333||NA|bezieht Randlappen mit ein|BKK|ii b|Racot st. 18|Wielkopolskie||
2n||racot CI|R92|dreieckig-gerade|knubbe|groû|mittel|90|Knubbe|oval|groû|gerundet|gerade|einteilig|nein|NA||randstûÊndig|randstûÊndig|30|15|2||NA|massiv|BKK|ii b|Racot st. 18|Wielkopolskie||
6nr2||racot CV|R95|oval-dreieckig|henkel|groû|groû|90|Henkel|oval|sehr groû|spitz|gerade|einteilig|quergelocht|NA||schulter|schulter|64|35|1,82857142857143||NA|NA|BKK|ii b|Racot st. 18|Wielkopolskie||
6nr2||racot CVII|R97|oval-oval|henkel|mittel|mittel|90|Henkel|oval|sehr groû|gerundet|gerade|einteilig|quer groûe ûffnung|||randstûÊndig|randstûÊndig|54|22|2,45454545454545||NA|NA|BKK|iii a|Racot st. 18|Wielkopolskie||
4br2||racot CX|R100|oval-hûÊngend|dreifach-randlappen|groû|groû|0|Randlappen|oval|sehr groû|gerundet|gerade|dreigeteilt|nein|||randstûÊndig|randstûÊndig|70|18|3,88888888888889||NA|ca 1cm zwischen den Knubbenzinken|BKK|iii a|Racot st. 18|Wielkopolskie||
6nr2||racot CXIII|R102|oval-hûÊngend|henkel|||90|Henkel|oval|sehr groû|gerundet|gerade|einteilig|quer groûe ûffnung|||randstûÊndig|randstûÊndig|30|17|1,76470588235294|muss in DATA tabelle nachgetragen werden|NA|stûÑrt den Rand, unregelmûÊûig, bezieht Knubbe mit ein|BKK|ii b|Racot st. 18|Wielkopolskie||
gebrochen||racot CXIX|R108|oval-unklar|henkel|mittel|NA|90|Henkel|||||||||hals|hals|50|||vmtl 6nr2|NA|stûÑrt den Rand, unregelmûÊûig, bezieht Knubbe mit ein|BKK|iii a|Racot st. 18|Wielkopolskie||
6b||krusz XXXIII|K31|dreieckig-gerade|gelochte knubbe|groû|groû|0|Knubbe|oval|sehr groû|abgestumpft|gerade|einteilig|senkrechte gelocht|gepfropft||schulter-bauch-umbruch|schulter-bauch-umbruch|50|35|1,42857142857143||NA|an den Seiten abgestrichen|BKK|nicht differenzierbar|Kruszynek st. 6|Kujawsko-Pomorskie||
2n||krusz XXXIV|K32|oval-rund|senkrechte knubbe|klein|klein|90|Knubbe|oval|groû|gerundet|gerade|einteilig|nein|||schulter-bauch-umbruch|schulter-bauch-umbruch|20|12|1,66666666666667||NA|abstrich des Randes nach der Verzierung mit Stichen, Quer-oval|SBK?||Kruszynek st. 6|Kujawsko-Pomorskie||
1b||901|Q002|oval-gerade|knubbe|mittel|groû|0|Knubbe|oval||gerundet|gerade|einteilig|nein||ins Muster einbezogen|schulter-bauch-umbruch|schulter-bauch-umbruch|||||NA|ûÊhnlich wie Kaufmann 1976, Abb 7, 18  ã Winkel, unterbochen von senkrechten BûÊndern, locker gesetzte Reihen, die sich nur teilweise zu sauberen Winkeln zusammenfû¥gen|SBK||Quedlinburg KGA 2|Landkreis Harz||
2b4||906|Q007|oval-gerade|knubbe|klein|klein|0|Knubbe|oval||spitz|gerade|einteilig|nein|||schulter-bauch-umbruch|schulter-bauch-umbruch|||||159|ûÊhnlich Kaufmann 1976, Abb. 7B 17 mit dreifachen Reihen und Einzelelementen dazwischen. Senkrechte Reihen als Reihen von Einzelstichen|SBK||Quedlinburg KGA 2|Landkreis Harz||
2b4||906, 907|Q007|oval-gerade|knubbe|klein|klein|0|Knubbe|oval||spitz|gerade|einteilig|nein|||hals-schulter-umbruch|hals-schulter-umbruch||||Zeichnung fehlt noch|159|ûÊhnlich Kaufmann 1976, Abb. 7B 17 mit dreifachen Reihen und Einzelelementen dazwischen. Senkrechte Reihen als Reihen von Einzelstichen|SBK||Quedlinburg KGA 2|Landkreis Harz||
3cr2||914|Q012|oval-senkrecht|randlappen|groû|mittel|0|Randlappen|oval|nach oben|gerundet|hochgezogen|einteilig|nein|||randstûÊndig|randstûÊndig|||||161|ragt senkrecht û¥ber den Rand hinaus|SBK||Quedlinburg KGA 2|Landkreis Harz||
1b||917|Q015|oval-gerade|knubbe|klein|klein|0|Knubbe|oval||gerundet|gerade|einteilig|nein|||schulter-bauch-umbruch|schulter-bauch-umbruch|||||163|unregelmûÊûig, viel Abstand zwischen beiden Reihen|SBK||Quedlinburg KGA 2|Landkreis Harz||
3b||924|Q022|oval-gerade|knubbe|klein|klein|0|Knubbe|oval|mittel|abgestumpft|gerade|einteilig|nein|||schulter-bauch-umbruch|schulter-bauch-umbruch||||||vmtl Kaufmann 1976, Abb. 7B, 4 mit DoppelreihenbûÊnder|SBK||Quedlinburg KGA 2|Landkreis Harz||
1b?||925|Q023|oval-gerade|knubbe|klein|klein|0|Knubbe|oval|mittel|gerundet|gerade|einteilig|nein|||schulter-bauch-umbruch|schulter-bauch-umbruch||||gebrochen|165|5 mm Abstand zwischen den Reihen, sitzen eher am ûbergang zurSchulter|SBK||Quedlinburg KGA 2|Landkreis Harz||
1b2||926|Q024|LûÊnglich-hochgezogen|knubbe|flach|groû|0|Knubbe|oval|flach|spitz|hochgezogen|einteilig|nein|||schulter-bauch-umbruch|||||||û¥ber eine kleine Mini-Knubbe hinweg?|SBK||Quedlinburg KGA 2|Landkreis Harz||
4b3||944|Q042|lûÊnglich-gerade|knubbe|flach|groû|0|Knubbe|oval|mittel|gerundet|gerade|dreigeteilt|nein|||bauchumbruch|schulter-bauch-umbruch|||||170|nur kleiner Hals, evtl auch R2|SBK||Quedlinburg KGA 2|Landkreis Harz||
4b4||949|Q046|oval-gerade|dreifachknubbe|flach|mittel|0|Knubbe|oval||abgestumpft|gerade|dreigeteilt|nein|||schulter-bauch-umbruch|schulter-bauch-umbruch|||||NA|bildet Winkelband mit dem dû¥nneren Band|SBK||Quedlinburg KGA 2|Landkreis Harz||
1d?||955|Q054|oval-gerade|knubbe|mittel|mittel|60|Knubbe|Eckig-oval|groû|gerundet|gerade|einteilig|nein|||bauchumbruch|schulter-bauch-umbruch||||gebrochen|NA|schrûÊge Knubbe, klein fû¥r das groûe GefûÊû, sonst unverziert|SBK||Quedlinburg KGA 1|Landkreis Harz||
2d||964|Q060|rund-spitz|knubbe|flach|klein|70|Knubbe|oval|flach|gerundet|gerade|einteilig|nein|||schulter-bauch-umbruch|schulter-bauch-umbruch||||sehr flach|NA|Ausrichtung und Ort unsicher|SBK||Quedlinburg KGA 1|Landkreis Harz||
2d||968|Q064|oval-gerade|knubbe|flach|groû|60|Knubbe|oval|mittel|gerundet|gerade|einteilig|nein|||schulter|schulter|||||NA|NA|SBK||Quedlinburg KGA 1|Landkreis Harz||
7a||982|Q077|rund-spitz|knubbe|mittel|klein||Knubbe|rund|mittel|spitz|gerade|einteilig|nein|||hals-schulter-umbruch|hals-schulter-umbruch|10|7|1,42857142857143||NA|klein, spitz, mit drei Fingern aus der Wandung modelliert?|SBK||Quedlinburg KGA 1|Landkreis Harz||
8b||991|Q086|rund-spitz|doppelknubbe|mittel|klein|0|Knubbe|oval|mittel|gerundet|gerade|zweigeteilt|nein|||schulter-bauch-umbruch|schulter-bauch-umbruch|||||NA|etwas ãhûÊngendã|SBK||Quedlinburg KGA 1|Landkreis Harz||
2d||1205|Q100|oval-spitz|knubbe|mittel|mittel|60|Knubbe|oval|mittel|gerundet|gerade|einteilig|nein|||schulter|schulter|||||NA|schrûÊge knubbe|SBK||Quedlinburg KGA 1|Landkreis Harz||
2d||1001|E002|oval-gerade|knubbe, schrûÊg|flach|klein|120|Knubbe|oval|flach|gerundet|gerade|einteilig|nein|||schulter|schulter||5|10|mit Verzierung|NA|Rand biegt leicht aus, aber Stiche sind mittig. Machen einen ãwellenartigenã Rand|SBK||Eythra|Leipzig-Land||
2d||1002|E003|oval-gerade|knubbe, schrûÊg|mittel|mittel|45|Knubbe|oval|mittel|gerundet|gerade|einteilig|nein|||hals|hals||11|40|Zeichnung falsch (Profil stimmt nicht)|NA|setzt unterhalb des Randes an|SBK||Eythra|Leipzig-Land||
L2b1c||1024|E015|oval-gerade|knubbe, schrûÊg|flach|klein|70|Leiste|Leiste mit Anhang|flach|gerundet|gerade|einteilig|nein|||schulter|schulter||||Ex-AnhûÊngsel an Leiste|NA|Ort unsicher|SBK||Eythra|Leipzig-Land||
1b||1042|E029|oval-gerade|knubbe, quer|mittel|mittel|0|Knubbe|oval|mittel|gerundet|gerade|einteilig|nein||verziert|schulter-bauch-umbruch|schulter-bauch-umbruch||12|24|||NA|SBK||Eythra|Leipzig-Land||
5s||1131|E094|oval-hochgezogen|knubbe|sehr groû|mittel|90|Knubbe|oval|sehr groû|spitz|hochgezogen|einteilig|nein|||schulter-bauch-umbruch|schulter-bauch-umbruch||25|55|Hornzapfen||nachschauen, wo Hornzapfen in der Regel sitzen|SBK|spûÊt|Eythra|Leipzig-Land||
1s||1136|E097|oval-spitz|knubbe|mittel|klein|90|Knubbe|oval|mittel|abgestumpft|hochgezogen|einteilig|nein|||schulter-bauch-umbruch|schulter-bauch-umbruch||12|18|||leicht gebogenes Band|SBK|NA|Eythra|Leipzig-Land||
8b2||1148|E105|oval-spitz|dreifachknubbe|groû|mittel|0|Knubbe|oval|mittel|spitz|gerade|zweigeteilt|nein|||schulter-bauch-umbruch|schulter-bauch-umbruch||8|35|||auf die Knubbe zu und darû¥ber hinweg|SBK|spûÊt|Eythra|Leipzig-Land||
7a||1158|E111|rund-spitz|knubbe|klein|klein||Knubbe|rund|mittel|spitz|gerade|einteilig|nein|gepfropft||schulter-bauch-umbruch|schulter-bauch-umbruch|10|8|1,25|||Ausrichtung und Ort unsicher|SBK|NA|Eythra|Leipzig-Land||
8b||1179|E125|rund-gerade|doppelknubbe|klein|klein|0|Knubbe|oval|flach|gerundet|gerade|zweigeteilt|nein|||hals-schulter-umbruch|hals-schulter-umbruch|10|5|2|||zerstûÑrte OberflûÊche, Rekonstruktion unsicher|SBK|NA|Eythra|Leipzig-Land||
3n||852|602|D-fûÑrmig|Henkel|mittel|klein|90|Henkel|oval|mittel|gerundet|gerade|einteilig|quergelocht||2 gegenstûÊndig|Schulter|schulter||10|30||192|aus Abbildung bei Umbreit und Brunner û¥bernommen|SBK|spûÊt|Iwno|Wielkopolskie||
7a||852|602|Oval-spitz|Knubbe|klein|klein||Knubbe|rund||spitz|gerade|einteilig|nein||4 gegenstûÊndig|Bauchumbruch|schulter-bauch-umbruch||||kann man auf Abbildungen nicht messen|192|aus Abbildung bei Umbreit und Brunner û¥bernommen|SBK|spûÊt|Iwno|Wielkopolskie||
9n2||853|603|D-fûÑrmig|gelochte knubbe|mittel|klein|90|Knubbe|oval|mittel|gerundet|gerade|einteilig|quergelocht||2 gegenstûÊndig|Schulter|schulter|22|10|2,2||193|aus Abbildung bei Umbreit und Sprockhoff û¥bernommen, Bilder schlecht, relativ unsauber gestochen?|SBK|spûÊt|Wierzchno/Wirchenblatt|Lebus||
6n2||857|607||Henkel|groû|groû|90|Henkel|oval||eckig|gerade|einteilig|quer groûe ûffnung|||Schulter|schulter|||75|||aus Abb. Bei Dorka und Umbreit û¥bernommen|BKK|nicht differenzierbar|Pyritz-Fechtner Scheune|Zachodniopomorskie||
gebrochen||863|613||Henkel||groû|90|Henkel|||||||||Schulter|schulter||||||Abbildung bei Umbreit sehr schlecht|BKK?|nicht differenzierbar|Guhrau/Gû°ra|Dolnoéláskie||
gebrochen||865|615||Henkel||groû|90|Henkel|||||||||Schulter|schulter||||||nur nach Abbildung bei Umbreit|BKK?|nicht differenzierbar|Guhrau/Gû°ra|Dolnoéláskie||
6nr2||869|619|D-fûÑrmig|Henkel|groû|groû|90|Henkel|oval|sehr groû|gerundet|gerade|einteilig|quer groûe ûffnung||verziert|Hals bis schulter|hals und schulter|60|40|1,5|SchûÊtzung, Foto ist verzerrt|26?|nur nach Abbildung bei Umbreit|BKK?|nicht differenzierbar|Kaaso/Kozû°w|Lebus||
L2a||470|254|spitz|leiste|mittel|mittel|0|Leiste|Leiste ohne Anhang|flach|spitz|gerade|einteilig|nein|||hals /schulter|hals und schulter|||||NA|+ Abplatzungen oder Einzelstichen obendrauf?|BKK?|nicht differenzierbar|Hohenbrû¥ck 3|Dahme-Spreewald||
K1||racot XIV|R14|absatz|abstrich|flach|klein|0|flache Kannelur|flache Kannelur|negativ|gerundet||einteilig|nein|||umbruch?|schulter-bauch-umbruch|NA||||128|NA|SBK|spûÊt|Racot st. 18|Wielkopolskie||
K1||racot XV|R14|absatz|abstrich|flach|NA|0|flache Kannelur|flache Kannelur|negativ|gerundet||einteilig|nein|||umbruch?|schulter-bauch-umbruch|NA||||128|NA|SBK|spûÊt|Racot st. 18|Wielkopolskie||
L2a||971|Q067|d-fûÑrmig|leiste|flach|mittel|0|Leiste|Leiste ohne Anhang|flach|gerundet|gerade|einteilig|nein|||hals-schulter-umbruch|hals-schulter-umbruch|NA|||Kaufmann 1976, Abb. 3, 12|NA|grob geformt|SBK|nicht differenzierbar|Quedlinburg KGA 1|Landkreis Harz||
L2a||978|Q073|dreieckig|leiste|flach|klein|0|Leiste|Leiste ohne Anhang|flach|gerundet|gerade|einteilig|nein|||hals-schulter-umbruch|hals-schulter-umbruch||||Kaufmann 1976, Abb. 3, 1|NA|NA|SBK|nicht differenzierbar|Quedlinburg KGA 1|Landkreis Harz||
L2a||1000|E001|schmal|leiste|flach|klein|0|Leiste|Leiste ohne Anhang|flach|spitz|gerade|einteilig|nein|||hals-schulter-umbruch|hals-schulter-umbruch||||Kaufmann 1976, Abb. 3, 1|NA|NA|SBK?|nicht differenzierbar|Eythra|Leipzig-Land||
L2a||1004|E005|schmal|leiste|flach|klein|0|Leiste|Leiste ohne Anhang|flach|gerundet|gerade|einteilig|nein|||hals-schulter-umbruch|hals-schulter-umbruch||||Kaufmann 1976, Abb. 3, 1|NA|NA|SBK|nicht differenzierbar|Eythra|Leipzig-Land||
L2a||1020|E012|flach-dreieckig|leiste|flach|klein|0|Leiste|Leiste ohne Anhang|flach|spitz|gerade|einteilig|nein|||hals-schulter-umbruch|hals-schulter-umbruch||||Kaufmann 1976, Abb. 3, 12?||NA|SBK|nicht differenzierbar|Eythra|Leipzig-Land||
L1b||1021, 1022|E013|dreieckig-gerade|leiste|mittel|mittel|0|Leiste|Leiste mit Anhang|flach|spitz|gerade|einteilig|nein|||hals-schulter-umbruch|hals-schulter-umbruch||||||NA|SBK|nicht differenzierbar|Eythra|Leipzig-Land||
L2b1c||1024|E015|d-fûÑrmig-gerade|leiste|flach|klein|0|Leiste|Leiste mit Anhang|flach|gerundet|gerade|einteilig|nein|||hals-schulter-umbruch|hals-schulter-umbruch||||Kaufmann 1976, Abb. 3, 4|NA|Ort unsicher|SBK|nicht differenzierbar|Eythra|Leipzig-Land||
L2b2a||1053|E038|spitz-gerade|leiste|groû|groû|0|Leiste|Leiste mit Anhang|flach|spitz|gerade|einteilig|nein|||hals-schulter-umbruch|hals-schulter-umbruch||||Mischung Kaufmann 1976, Abb. 3, 4 und 5||NA|SBK|nicht differenzierbar|Eythra|Leipzig-Land||
L2b1b||1102, 1103|E075|dreieckig-gerade|leiste|mittel|klein|0|Leiste|Leiste mit Anhang|groû|gerundet|gerade|zweigeteilt|nein|||hals-schulter-umbruch|hals-schulter-umbruch||||||AnhûÊngsel ist fast eine schrûÊg sitzende Knubbe, auhc etwas dicker als die Leiste|SBK|nicht differenzierbar|Eythra|Leipzig-Land||
6br2||Karsko2_04|S4|Oval-gerade|randlappen|mittel|mittel|0|Randlappen|oval|mittel|gerundet|hûÊngend|einteilig|senkrecht gelocht|nein|2 gegenstûÊndig|randstûÊndig|randstûÊndig||||||zwei gegenstûÊndige|SBK|spûÊt|Karsko/SchûÑningsburg|Zachodniopomorskie|Myéliborski|Polen
3n||871|621|Oval-gerade|Henkel|groû|groû|90|Henkel|oval|sehr groû|gerundet|gerade|einteilig|quergelocht|ins Muster einbezogen|2 gegenstûÊndig|hals-schulter-umbruch|hals-schulter-umbruch|50|40|1,5|SchûÊtzung anhand der Zeichnung|||SBK|spûÊt|Prettin|Landkreis Wittenberg||
11ar||875|625|oval-spitz-hûÊngend|knubbe|groû|mittel|0|Randlappen|oval|mittel|spitz|hûÊngend|einteilig|nein|||rand|randstûÊndig|30|15|2|SchûÊtzung anhand der Zeichnung||aus Zeichnung von Wetzel 1988 û¥bernommen|SBK?||SchûÑpsdorf 37|||
2cr||884|634|oval|randlappen|mittel|mittel|0|Randlappen|oval|nach oben|gerundet|hochgezogen|einteilig|nein||nein|û¥ber rand hinaus|randstûÊndig|||||||BKK?|nicht differenzierbar|Uhyst 13|Landkreis GûÑrlitz||
||384|4|oval|knubbe|flach|klein|0|Knubbe|oval|flach|gerundet|hochgezogen|einteilig|nein||ja|schulter-bauch-umbruch|schulter-bauch-umbruch|12|5|||||SBK|spûÊt|Seelow 20|MûÊrkisch-Oderland|Seelow|Deutschland
